BODY;NAME;PUN;NAMETYPE;TYPE;TYPECODE;NAMEDETAIL;NAMEORIGIN;WORK;COUNTRY;NATIONALTY;CENTURYN;CENTURYC;BIRTHDATE;DEATHDATE;FACTS;LONGIN;LONGIC;LATIN;LATIC;LENGTHKM;WIDEKM;Target;Feature_ID;Feature_Name;Clean_Feature_Name;Feature_Type;Feature_Type_Code;Diameter;Center_Latitude;Center_Longitude;Northern_Latitude;Southern_Latitude;Eastern_Longitude;Western_Longitude;Coordinate_System;Quad;Origin;Continent;Ethnicity;Approval_Status;Approval_Date;Reference;Last_Updated;Additional_Info;;
Europe;ADONIS LINEA;EULI6100S23740;Formation nommée;Ligne allongée sombre ou brillante;LI;ADONIS LINEA;Approuvé par l'UAI en 1979;Dieu;Grèce;grec;Non applicable;Non applicable;Non applicable;Non applicable;Fils de Phoenix, neveu d'Europe.;237,40;237°24';-61,00;-61°0';1 560,00;???;Europa;56;Adonis Linea;Adonis Linea;Linea, lineae;LI;1 560,00;-61,00;237.4;-28.6;-82.3;228.8;211.6;Planetographic  +East  0 - 360;;"Greek; son of Phoenix, nephew of Europa.";Europe;Greek;Approved;1979;19;10/01/2006;;;
Europe;AGAVE LINEA;EULI1280N8690;Formation nommée;Ligne allongée sombre ou brillante;LI;AGAVE LINEA;Approuvé par l'UAI en 1997;Déesse;Grèce;grec;Non applicable;Non applicable;Non applicable;Non applicable;Fille d'Harmonia & Cadmus.;86,90;86°54';12,80;12°48';1 440,00;???;Europa;83;Agave Linea;Agave Linea;Linea, lineae;LI;1 440,00;12.8;86.9;33.5;-10.1;103.2;73.1;Planetographic  +East  0 - 360;;Daughter of Harmonia and Cadmus.;Europe;Greek;Approved;1997;1;10/01/2006;;;
Europe;AGENOR LINEA;EULI4380S14650;Formation nommée;Ligne allongée sombre ou brillante;LI;AGENOR LINEA;Approuvé par l'UAI en 1979;Dieu;Grèce;grec;Non applicable;Non applicable;Non applicable;Non applicable;Père d'Europe.;146,50;146°30';-43,80;-43°-47';1 496,00;???;Europa;84;Agenor Linea;Agenor Linea;Linea, lineae;LI;1 496,00;-43.8;146.5;-37.1;-41.8;181.4;111.6;Planetographic  +East  0 - 360;;"Greek; Europa's father.";Europe;Greek;Approved;1979;19;10/01/2006;;;
Europe;AINE;EUAA4300S18250;Formation nommée;Cratère;AA;AINE;Approuvé par l'UAI en 2000;Déesse;Nation celte;celte;Non applicable;Non applicable;Non applicable;Non applicable;Déesse celte de l'amour et de la fertilité.;182,50;182°30';-43,00;-43°0';5,00;5,00;Europa;6934;Ãine;Aine;Crater, craters;AA;5,00;-43,00;182.5;;;;;Planetographic  +East  0 - 360;;Celtic goddess of love and fertility.;Europe;Celtic;Approved;2000;160;11/17/08;;;
Europe;ALPHESIBOEA LINEA;EULI2510S18410;Formation nommée;Ligne allongée sombre ou brillante;LI;ALPHESIBOEA LINEA;Approuvé par l'UAI en 1985;Dieu;Grèce;grec;Non applicable;Non applicable;Non applicable;Non applicable;Fils de Phoenix, neveu d'Europe.;184,10;184°5';-25,10;-25°-6';1 438,00;???;Europa;204;Alphesiboea Linea;Alphesiboea Linea;Linea, lineae;LI;1 438,00;-25.1;184.1;-17.3;-36,00;193.2;158.6;Planetographic  +East  0 - 360;;Son of Phoenix, nephew of Europa.;Europe;Greek;Approved;1985;19;10/01/2006;;;
Europe;AMAETHON;EUAA1382N18253;Formation nommée;Cratère;AA;AMAETHON;Approuvé par l'UAI en 2006;Dieu;Nation celte;celte;Non applicable;Non applicable;Non applicable;Non applicable;Dieu celte de l'agriculture.;182,53;182°31';13,82;13°49';1,70;1,70;Europa;6966;Amaethon;Amaethon;Crater, craters;AA;1.7;13.82;182.53;13.86;13.77;182.61;182.46;Planetographic  +East  0 - 360;;Celtic god of agriculture.;Europe;Celtic;Approved;2006;128;10/01/2006;;;
Europe;AMERGIN;EUAA1470S12940;Formation nommée;Cratère;AA;AMERGIN;Approuvé par l'UAI en 2000;Poète;Irlande;irlandais;Non applicable;Non applicable;Non applicable;Non applicable;Druide et poète légendaire irlandais.;129,40;129°24';-14,70;-14°-42';17,00;17;Europa;230;Amergin;Amergin;Crater, craters;AA;17,00;-14.7;129.4;-14.3;-15,00;129.8;129.1;Planetographic  +East  0 - 360;;Legendary Irish druid and poet.;Europe;Ireland;Approved;2000;152;10/01/2006;;;
Europe;ANDROGEOS LINEA;EULI1170N8070;Formation nommée;Ligne allongée sombre ou brillante;LI;ANDROGEOS LINEA;Approuvé par l'UAI en 2000;Héros;Grèce;grec;Non applicable;Non applicable;Non applicable;Non applicable;Fils de Minos dans la mythologie grecque.;80,70;80°42';11,70;11°42';723,00;???;Europa;264;Androgeos Linea;Androgeos Linea;Linea, lineae;LI;723,00;11.7;80.7;18.6;3,00;92.3;71.8;Planetographic  +East  0 - 360;;Son of Minos in Greek mythology.;Europe;Greek;Approved;2000;27;10/01/2006;;;
Europe;ANGUS;EUAA1260S28490;Formation nommée;Cratère;AA;ANGUS;Approuvé par l'UAI en 2000;Dieu;Nation celte;celte;Non applicable;Non applicable;Non applicable;Non applicable;Dieu celte de l'amour;284,90;284°53';-12,60;-12°-36';4,50;4,5;Europa;274;Angus;Angus;Crater, craters;AA;4.5;-12.6;284.9;;;;;Planetographic  +East  0 - 360;;Beautiful Celtic god of love.;Europe;Celtic;Approved;2000;160;10/01/2006;;;
Europe;ANNWN REGIO;EURE2000N4000;Formation nommée;Grande région géographique;RE;ANNWN REGIO;Approuvé par l'UAI le 11 Mai 2007;Endroit;Pays de Galle;gallois;Non applicable;Non applicable;Non applicable;Non applicable;Nom gallois de l'Outre Monde où le vin pétillant est la boisson traditionnelle et où l'âge et la maladie sont inconnus.;40,00;40°0';20,00;20°0';2 300,00;???;Europa;14291;Annwn Regio;Annwn Regio;Regio, regiones;RE;2 300,00;20,00;40,00;55,00;-25,00;80,00;360,00;Planetographic  +East  0 - 360;;Traditional name of the Welsh Otherworld where sparkling wine is the normal beverage, and age and sickness are unknown.;Europe;Wales;Approved;May 11, 2007;160;05/11/2007;;;
Europe;ARGADNEL REGIO;EURE1460S15150;Formation nommée;Grande région géographique;RE;ARGADNEL REGIO;Approuvé par l'UAI en 2003;Endroit;Nation celte;celte;Non applicable;Non applicable;Non applicable;Non applicable;Dans la mythologie celte, une des îles du paradis terrestre que vit Bran pendant son voyage.;151,50;151°30';-14,60;-14°-36';1 900,00;???;Europa;361;Argadnel Regio;Argadnel Regio;Regio, regiones;RE;1 900,00;-14.6;151.5;5,00;-36,00;190,00;117,00;Planetographic  +East  0 - 360;;In Celtic mythology, one of the islands of Earthly paradise seen during Bran's voyage.;Europe;Celtic;Approved;2003;160;03/08/2007;;;
Europe;ARGIOPE LINEA;EULI170S16440;Formation nommée;Ligne allongée sombre ou brillante;LI;ARGIOPE LINEA;Approuvé par l'UAI en 1979;Déesse;Grèce;grec;Non applicable;Non applicable;Non applicable;Non applicable;Un autre nom pour Telephassa.;164,40;164°24';-1,70;-1°-42';689,00;???;Europa;367;Argiope Linea;Argiope Linea;Linea, lineae;LI;689,00;-1.7;164.4;1,00;-8.6;176.5;155.2;Planetographic  +East  0 - 360;;"Greek; another name for Telephassa.";Europe;Greek;Approved;1979;19;10/01/2006;;;
Europe;ARRAN CHAOS;EUCH1340N27950;Formation nommée;Région distincte de terrains brisés;CH;ARRAN CHAOS;Approuvé par l'UAI le 23 août 2007;Endroit;Nation celte;celte;Non applicable;Non applicable;Non applicable;Non applicable;Ile où Manannain possédait un palais.;279,50;279°30';13,40;13°24';26,00;???;Europa;14303;Arran Chaos;Arran Chaos;Chaos, chaoses;CH;26,00;13.4;279.5;14,00;12.8;280,00;279,00;Planetographic  +East  0 - 360;;Island where ManannÃ¡n had a palace.;Europe;Celtic;Approved;Aug 23, 2007;128;11/17/08;;;
Europe;ASTERIUS LINEA;EULI1490N8920;Formation nommée;Ligne allongée sombre ou brillante;LI;ASTERIUS LINEA;Approuvé par l'UAI en 1979;Dieu;Grèce;grec;Non applicable;Non applicable;Non applicable;Non applicable;Mari d'Europe après son aventure avec Zeus.;89,20;89°12';14,90;14°54';1 943,00;???;Europa;438;Asterius Linea;Asterius Linea;Linea, lineae;LI;1 943,00;14.9;89.2;34.8;-13.8;117.4;61.7;Planetographic  +East  0 - 360;;"Greek; Europa's husband after Zeus.";Europe;Greek;Approved;1979;19;10/01/2006;;;
Europe;ASTYPALAEA LINEA;EULI7580S14790;Formation nommée;Ligne allongée sombre ou brillante;LI;ASTYPALAEA LINEA;Approuvé par l'UAI en 1997;Humain;Grèce;grec;Non applicable;Non applicable;Non applicable;Non applicable;Sur d'Europe.;147,90;147°54';-75,80;-75°-47';817,00;???;Europa;443;Astypalaea Linea;Astypalaea Linea;Linea, lineae;LI;817,00;-75.8;147.9;-64.2;-75.7;166,00;76.1;Planetographic  +East  0 - 360;;Sister of Europa.;Europe;Greek;Approved;1997;1;10/01/2006;;;
Europe;AUTONOE LINEA;EULI1820N19490;Formation nommée;Ligne allongée sombre ou brillante;LI;AUTONOE LINEA;Approuvé par l'UAI en 2000;Humain;Grèce;grec;Non applicable;Non applicable;Non applicable;Non applicable;Fille d'Harmonia & Cadmus dans la mythologie grecque.;194,90;194°54';18,20;18°12';760,00;???;Europa;494;AutonoÃ« Linea;Autonoe Linea;Linea, lineae;LI;760,00;18.2;194.9;28.6;5,00;204.1;189.9;Planetographic  +East  0 - 360;;Daughter of Harmonia and Cadmus in Greek mythology.;Europe;Greek;Approved;2000;1;11/17/08;;;
Europe;AVAGDDU;EUAA140N19050;Formation nommée;Cratère;AA;AVAGDDU;Approuvé par l'UAI en 2000;Divinité;Nation celte;celte;Non applicable;Non applicable;Non applicable;Non applicable;Divinité celte de l'orage. Fils malade de Tegid le Bald.;190,50;190°30';1,40;1°24';10,00;10;Europa;499;Avagddu;Avagddu;Crater, craters;AA;10,00;1.4;190.5;1.6;1.2;190.6;190.3;Planetographic  +East  0 - 360;;Celtic storm deity, ill-fated son of Tegid the Bald.;Europe;Celtic;Approved;2000;83;10/01/2006;;;
Europe;BALGATAN REGIO;EURE5000S33000;Formation nommée;Grande région géographique;RE;BALGATAN REGIO;Approuvé par l'UAI le 11 Mai 2007;Endroit;Nation celte;celte;Non applicable;Non applicable;Non applicable;Non applicable;Dans la mythologie celte, passe dans laquelle Tuatha Dannan battit en retraite avant la bataille avec les Fir Bolgs.;330,00;330°0';-50,00;-50°0';2 500,00;???;Europa;14292;Balgatan Regio;Balgatan Regio;Regio, regiones;RE;2 500,00;-50,00;330,00;-15,00;-77,00;240,00;60,00;Planetographic  +East  0 - 360;;In Celtic mythology, pass to which the Tuatha DÃ© Dannan retreated before the battle with the Fir Bolgs.;Europe;Celtic;Approved;May 11, 2007;128;11/17/08;;;
Europe;BALOR;EUAA5280S26220;Formation nommée;Cratère;AA;BALOR;Approuvé par l'UAI en 2000;Dieu;Nation celte;celte;Non applicable;Non applicable;Non applicable;Non applicable;Dieu celte de la nuit dont le mauvais oeil cause la mort de ceux qu'il fixe.;262,20;262°11';-52,80;-52°-47';4,80;4,8;Europa;581;Balor;Balor;Crater, craters;AA;4.8;-52.8;262.2;;;;;Planetographic  +East  0 - 360;;Celtic god of the night whose evil eye caused the death of those on whom it glanced.;Europe;Celtic;Approved;2000;83;10/01/2006;;;
Europe;BELUS LINEA;EULI930N12860;Formation nommée;Ligne allongée sombre ou brillante;LI;BELUS LINEA;Approuvé par l'UAI en 1979;Humain;Grèce;grec;Non applicable;Non applicable;Non applicable;Non applicable;Frère jumeau d'Agénor.;128,60;128°35';9,30;9°18';2 437,00;???;Europa;681;Belus Linea;Belus Linea;Linea, lineae;LI;2 437,00;9.3;128.6;24.3;-4.9;168,00;84.1;Planetographic  +East  0 - 360;;"Greek; Agenor's twin brother.";Europe;Greek;Approved;1979;19;10/01/2006;;;
Europe;BOEOTIA MACULA;EUMA5360S19320;Formation nommée;Tache sombre;MA;BOEOTIA MACULA;Approuvé par l'UAI en 1997;Endroit;Grèce;grec;Non applicable;Non applicable;Non applicable;Non applicable;Endroit ou Cadmus conduisit sa vache avant qu'il ne stoppe à Thèbes.;193,20;193°11';-53,60;-53°-36';30,00;???;Europa;792;Boeotia Macula;Boeotia Macula;Macula, maculae;MA;30,00;-53.6;193.2;-53.1;-54.3;193.8;192.5;Planetographic  +East  0 - 360;;Place where Cadmus led cow before it stopped at site of Thebes.;Europe;Greek;Approved;1997;19;10/01/2006;;;
Europe;BRESS;EUAA3764N26134;Formation nommée;Cratère;AA;BRESS;Approuvé par l'UAI en 2006;Divinité;Nation celte;celte;Non applicable;Non applicable;Non applicable;Non applicable;Fils d'Elatha dans la mythologie celtique.;261,34;261°20';37,64;37°38';10,00;10;Europa;6967;Bress;Bress;Crater, craters;AA;10,00;37.64;261.34;37.8;37.5;261.6;261.09;Planetographic  +East  0 - 360;;Beautiful son of Elatha in Celtic mythology.;Europe;Celtic;Approved;2006;128;10/01/2006;;;
Europe;BRIGID;EUAA1080N27870;Formation nommée;Cratère;AA;BRIGID;Approuvé par l'UAI en 2000;Déesse;Nation celte;celte;Non applicable;Non applicable;Non applicable;Non applicable;Déesse celte de la guérison, de la fertilité et de la poésie.;278,70;278°41';10,80;10°48';9,50;9,5;Europa;882;Brigid;Brigid;Crater, craters;AA;9.5;10.8;278.7;;;;;Planetographic  +East  0 - 360;;Celtic goddess of healing, smiths, fertility and poetry.;Europe;Celtic;Approved;2000;160;10/01/2006;;;
Europe;BUTTERDON LINEA;EULI4470S35990;Formation nommée;Ligne allongée sombre ou brillante;LI;BUTTERDON LINEA;Approuvé par l'UAI en 2003;Endroit;Nation celte;celte;Non applicable;Non applicable;Non applicable;Non applicable;Alignement de pierre en Angleterre.;359,90;359°53';-44,70;-44°-42';1 900,00;???;Europa;937;Butterdon Linea;Butterdon Linea;Linea, lineae;LI;1 900,00;-44.7;359.9;-29.4;-41,00;315,00;44.8;Planetographic  +East  0 - 360;;Stone row in England.;Europe;Celtic;Approved;2003;142;10/01/2006;;;
Europe;CADMUS LINEA;EULI3870N16830;Formation nommée;Ligne allongée sombre ou brillante;LI;CADMUS LINEA;Approuvé par l'UAI en 1979;Humain;Grèce;grec;Non applicable;Non applicable;Non applicable;Non applicable;Frère d'Europe.;168,30;168°18';38,70;38°42';3 548,00;???;Europa;955;Cadmus Linea;Cadmus Linea;Linea, lineae;LI;3 548,00;38.7;168.3;35.5;15.2;200.3;121.5;Planetographic  +East  0 - 360;;"Greek; brother of Europa.";Europe;Greek;Approved;1979;19;10/01/2006;;;
Europe;CALLANISH;EULG1670S2550;Formation nommée;Grande formation en forme d'anneau;LG;CALLANISH;Approuvé par l'UAI en 1997;Endroit;Nation celte;celte;Non applicable;Non applicable;Non applicable;Non applicable;Cercle de pierres dans les Iles Hébrides.;25,50;25°30';-16,70;-16°-42';107,00;???;Europa;974;Callanish;Callanish;Large ringed feature;LG;107,00;-16.7;25.5;-14.7;-18.6;27.4;23.6;Planetographic  +East  0 - 360;;Stone circle in the Outer Hebrides, Scotland.;Europe;Celtic;Approved;1997;142;10/01/2006;;;
Europe;CAMULUS;EUAA2650S27890;Formation nommée;Cratère;AA;CAMULUS;Approuvé par l'UAI en 2000;Dieu;Nation celte;celte;Non applicable;Non applicable;Non applicable;Non applicable;Dieu de la guerre gallois.;278,90;278°53';-26,50;-26°-30';4,50;4,5;Europa;993;Camulus;Camulus;Crater, craters;AA;4.5;-26.5;278.9;;;;;Planetographic  +East  0 - 360;;Gaelic war god.;Europe;Celtic;Approved;2000;128;10/01/2006;;;
Europe;CASTALIA MACULA;EUMA160S13430;Formation nommée;Tache sombre;MA;CASTALIA MACULA;Approuvé par l'UAI en 2003;Endroit;Grèce;grec;Non applicable;Non applicable;Non applicable;Non applicable;Source où Cadmus, frère d'Europe, tua le dragon.;134,30;134°18';-1,60;-1°-36';35,00;???;Europa;1048;Castalia Macula;Castalia Macula;Macula, maculae;MA;35,00;-1.6;134.3;-0.9;-2.2;134.9;133.8;Planetographic  +East  0 - 360;;"Greek; spring where Cadmus, brother of Europa, killed the dragon.";Europe;Greek;Approved;2003;19;10/01/2006;;;
Europe;CHTHONIUS LINEA;EULI140S5580;Formation nommée;Ligne allongée sombre ou brillante;LI;CHTHONIUS LINEA;Approuvé par l'UAI en 1997;Humain;Grèce;grec;Non applicable;Non applicable;Non applicable;Non applicable;Survivant humain que Cadmus recousut avec une dent du dragon, un des fondateur de Thèbes.;55,80;55°47';-1,40;-1°-24';2 180,00;???;Europa;1207;Chthonius Linea;Chthonius Linea;Linea, lineae;LI;2 180,00;-1.4;55.8;9,00;3.2;92.1;15.1;Planetographic  +East  0 - 360;;Survivor of the men Cadmus sowed with dragon's teeth, a founder of Thebes.;Europe;Greek;Approved;1997;19;10/01/2006;;;
Europe;CILICIA FLEXUS;EUFE5950S18830;Formation nommée;Crête basse et incurvée;FE;CILICIA FLEXUS;Approuvé par l'UAI en 1979;Endroit;Grèce;grec;Non applicable;Non applicable;Non applicable;Non applicable;Terre nommée par Cilix pendant sa recherche d'Europe.;188,30;188°18';-59,50;-59°-30';1 312,00;???;Europa;1215;Cilicia Flexus;Cilicia Flexus;Flexus, flexÅ«s;FE;1 312,00;-59.5;188.3;-42.3;-61.4;221.5;147.2;Planetographic  +East  0 - 360;;Land named for Cilix on his search for Europa.;Europe;Greek;Approved;1979;19;10/01/2006;;;
Europe;CILIX;EUAA260N17810;Formation nommée;Cratère;AA;CILIX;Approuvé par l'UAI en 1985;Humain;Grèce;grec;Non applicable;Non applicable;Non applicable;Non applicable;Frère d'Europe.;178,10;178°5';2,60;2°36';15,00;15;Europa;1216;Cilix;Cilix;Crater, craters;AA;15,00;2.6;178.1;2.8;2.4;178.3;177.8;Planetographic  +East  0 - 360;;Brother of Europa. Defines 182° longitude on Europa.;Europe;Greek;Approved;1985;19;01/04/2008;Defines 182 degrees longitude on Europa.;;
Europe;CLIODHNA;EUAA250S28360;Formation nommée;Cratère;AA;CLIODHNA;Approuvé par l'UAI en 2000;Déesse;Nation celte;celte;Non applicable;Non applicable;Non applicable;Non applicable;Déesse celte de la beauté qui s'endormit en écoutant de la musique et qui fut emporté par une grande vague.;283,60;283°36';-2,50;-2°-30';3,00;3;Europa;1246;Cliodhna;Cliodhna;Crater, craters;AA;3,00;-2.5;283.6;;;;;Planetographic  +East  0 - 360;;Celtic goddess of beauty who was lured asleep by music, then swept away by a great wave.;Europe;Celtic;Approved;2000;160;10/01/2006;;;
Europe;CONAMARA CHAOS;EUCH970N8730;Formation nommée;Région distincte de terrains brisés;CH;CONAMARA CHAOS;Approuvé par l'UAI en 1997;Endroit;Nation celte;celte;Non applicable;Non applicable;Non applicable;Non applicable;Partie accidenté de l'Irlande de l'Ouest nommée par Conmac, fils de la Reine de Connacht.;87,30;87°17';9,70;9°42';143,70;???;Europa;1282;Conamara Chaos;Conamara Chaos;Chaos, chaoses;CH;143.7;9.7;87.3;11.9;6.6;88.9;85.3;Planetographic  +East  0 - 360;;Rugged part of western Ireland named for Conmac, son of the Queen of Connacht.;Europe;Celtic;Approved;1997;142;10/01/2006;;;
Europe;CORICK LINEA;EULI1780N34170;Formation nommée;Ligne allongée sombre ou brillante;LI;CORICK LINEA;Approuvé par l'UAI en 2003;Endroit;Irlande;Irlandais;Non applicable;Non applicable;Non applicable;Non applicable;Alignement de pierres en Irlande.;341,70;341°41';17,80;17°48';1 300,00;???;Europa;1310;Corick Linea;Corick Linea;Linea, lineae;LI;1 300,00;17.8;341.7;24.6;10.4;360,00;314,00;Planetographic  +East  0 - 360;;Stone row in Ireland.;Europe;Ireland;Approved;2003;142;10/01/2006;;;
Europe;CORMAC;EUAA3690S27190;Formation nommée;Cratère;AA;CORMAC;Approuvé par l'UAI en 2000;Roi;Irlande;irlandais;Non applicable;Non applicable;Non applicable;Non applicable;Cormac Mac Art, Roi de l'Ulster dans les mythes irlandais.;271,90;271°53';-36,90;-36°-53';4,00;4;Europa;1314;Cormac;Cormac;Crater, craters;AA;4,00;-36.9;271.9;;;;;Planetographic  +East  0 - 360;;Cormac Mac Art, High King of Ulster in Irish myths.;Europe;Ireland;Approved;2000;160;10/01/2006;;;
Europe;CYCLADES MACULA;EUMA6250S16870;Formation nommée;Tache sombre;MA;CYCLADES MACULA;Approuvé par l'UAI en 1997;Endroit;Grèce;grec;Non applicable;Non applicable;Non applicable;Non applicable;Iles sur lesquelles Radamanthys régnait.;168,70;168°41';-62,50;-62°-30';107,00;???;Europa;1361;Cyclades Macula;Cyclades Macula;Macula, maculae;MA;107,00;-62.5;168.7;-60.7;-64.1;170.4;165.8;Planetographic  +East  0 - 360;;Islands where Rhadamanthys reigned.;Europe;Greek;Approved;1997;1;10/01/2006;;;
Europe;DAGDA;EUAA3735N19126;Formation nommée;Cratère;AA;DAGDA;Approuvé par l'UAI en 2006;Divinité;Irlande;irlandais;Non applicable;Non applicable;Non applicable;Non applicable;Une des divinités dirigeantes du Thata de Danann dans la mythologie irlandaise.;191,26;191°15';37,35;37°21';9,80;9,8;Europa;6968;Dagda;Dagda;Crater, craters;AA;9.8;37.35;191.26;37.5;37.17;191.46;191.06;Planetographic  +East  0 - 360;;One of the chief deities of the Tuatha de Danann in Irish mythology.;Europe;Ireland;Approved;2006;83;10/01/2006;;;
Europe;DEIRDRE;EUAA6540S15270;Formation nommée;Cratère;AA;DEIRDRE;Approuvé par l'UAI en 2000;Humain;Irlande;irlandais;Non applicable;Non applicable;Non applicable;Non applicable;La plus belle femme des mythes irlandais.;152,70;152°41';-65,40;-65°-24';4,50;4,5;Europa;1461;Deirdre;Deirdre;Crater, craters;AA;4.5;-65.4;152.7;-65.3;-65.5;152.9;152.5;Planetographic  +East  0 - 360;;The most beautiful woman in Irish myths.;Europe;Ireland;Approved;2000;160;10/01/2006;;;
Europe;DELPHI FLEXUS;EUFE6820S18590;Formation nommée;Crête basse et incurvée;FE;DELPHI FLEXUS;Approuvé par l'UAI en 1985;Endroit;Grèce;grec;Non applicable;Non applicable;Non applicable;Non applicable;Endroit où la vache quitta Cadmus avant qu'il ne stoppe à Thèbes.;185,90;185°54';-68,20;-68°-12';793,00;???;Europa;1476;Delphi Flexus;Delphi Flexus;Flexus, flexÅ«s;FE;793,00;-68.2;185.9;-62.6;-69.1;217.7;148.1;Planetographic  +East  0 - 360;;Where the cow led Cadmus before it stopped at the site of Thebes.;Europe;Greek;Approved;1985;19;10/01/2006;;;
Europe;DIARMUID;EUAA6130S25800;Formation nommée;Cratère;AA;DIARMUID;Approuvé par l'UAI en 2000;Humain;Irlande;irlandais;Non applicable;Non applicable;Non applicable;Non applicable;Guerrier mythologique irlandais, mari de Grainne.;258,00;258°0';-61,30;-61°-17';8,20;8,2;Europa;1526;Diarmuid;Diarmuid;Crater, craters;AA;8.2;-61.3;258,00;-61.2;-61.5;258.4;257.7;Planetographic  +East  0 - 360;;Handsome Irish mythological warrior, husband of GrÃ¡inne.;Europe;Ireland;Approved;2000;152;11/17/08;;;
Europe;DRIZZLECOMB LINEA;EULI770N24830;Formation nommée;Ligne allongée sombre ou brillante;LI;DRIZZLECOMB LINEA;Approuvé par l'UAI en 2003;Endroit;Nation celte;celte;Non applicable;Non applicable;Non applicable;Non applicable;Rangée de pierres en Angleterre.;248,30;248°18';7,70;7°42';1 500,00;???;Europa;1640;Drizzlecomb Linea;Drizzlecomb Linea;Linea, lineae;LI;1 500,00;7.7;248.3;24.5;-15,00;263,00;225.2;Planetographic  +East  0 - 360;;Stone row in England.;Europe;Celtic;Approved;2003;142;10/01/2006;;;
Europe;DRUMSKINNY LINEA;EULI4830N19900;Formation nommée;Ligne allongée sombre ou brillante;LI;DRUMSKINNY LINEA;Approuvé par l'UAI en 2003;Endroit;Nation celte;celte;Non applicable;Non applicable;Non applicable;Non applicable;Rangée de pierres en Irlande.;199,00;199°0';48,30;48°17';1 375,00;???;Europa;1643;Drumskinny Linea;Drumskinny Linea;Linea, lineae;LI;1 375,00;48.3;199,00;60.7;23.9;218.3;167.6;Planetographic  +East  0 - 360;;Stone row in Ireland.;Europe;Celtic;Approved;2003;142;10/01/2006;;;
Europe;DYFED REGIO;EURE1000N11000;Formation nommée;Grande région géographique;RE;DYFED REGIO;Approuvé par l'UAI le 11 Mai 2007;Endroit;Pays de Galle;gallois;Non applicable;Non applicable;Non applicable;Non applicable;Dans la mythologie galloise, Royaume au Sud Ouest du pays de Galles, juste à l'Est de Annwn et contenant un mystérieux domaine.;110,00;110°0';10,00;10°0';1 750,00;???;Europa;14293;Dyfed Regio;Dyfed Regio;Regio, regiones;RE;1 750,00;10,00;110,00;42,00;-22,00;135,00;78,00;Planetographic  +East  0 - 360;;In Welsh mythology, the southwestern kingdom of Wales just east of Annwn, containing a mysterious realm.  ;Europe;Wales;Approved;May 11, 2007;160;05/11/2007;;;
Europe;DYLAN;EUAA5530S27560;Formation nommée;Cratère;AA;DYLAN;Approuvé par l'UAI en 2000;Dieu;Nation celte;celte;Non applicable;Non applicable;Non applicable;Non applicable;Dieu de la mer celte.;275,60;275°36';-55,30;-55°-17';5,30;5,3;Europa;1683;Dylan;Dylan;Crater, craters;AA;5.3;-55.3;275.6;;;;;Planetographic  +East  0 - 360;;Celtic sea god.;Europe;Celtic;Approved;2000;83;10/01/2006;;;
Europe;ECHION LINEA;EULI1160S17480;Formation nommée;Ligne allongée sombre ou brillante;LI;ECHION LINEA;Approuvé par l'UAI en 1985;Humain;Grèce;grec;Non applicable;Non applicable;Non applicable;Non applicable;Survivant humain que Cadmus recousut avec une dent du dragon, un des fondateur de Thèbes.;174,80;174°48';-11,60;-11°-36';1 026,00;???;Europa;1708;Echion Linea;Echion Linea;Linea, lineae;LI;1 026,00;-11.6;174.8;-9.9;-16,00;195.3;158.4;Planetographic  +East  0 - 360;;"Survivor of the men Cadmus sowed with the dragon's teeth; a founder of Thebes.";Europe;Greek;Approved;1985;19;10/01/2006;;;
Europe;ELATHAN;EUAA3190S28020;Formation nommée;Cratère;AA;ELATHAN;Approuvé par l'UAI en 2000;Roi;Nation celte;celte;Non applicable;Non applicable;Non applicable;Non applicable;Roi celte, père de Bres, dieu du Soleil.;280,20;280°11';-31,90;-31°-53';2,50;2,5;Europa;1757;Elathan;Elathan;Crater, craters;AA;2.5;-31.9;280.2;;;;;Planetographic  +East  0 - 360;;Handsome Celtic king, father of sun god Bres.;Europe;Celtic;Approved;2000;83;10/01/2006;;;
Europe;EOCHAID;EUAA5048S12667;Formation nommée;Cratère;AA;EOCHAID;Approuvé par l'UAI en 2006;Roi;Nation celte;celte;Non applicable;Non applicable;Non applicable;Non applicable;Roi des Fir Bolgs dans la mythologie celte.;126,67;126°40';-50,48;-50°-28';10,60;10,6;Europa;6969;Eochaid;Eochaid;Crater, craters;AA;10.6;-50.48;126.67;-50.2;-50.66;127.05;126.31;Planetographic  +East  0 - 360;;King of the Fir Bolgs in Celtic mythology.;Europe;Celtic;Approved;2006;83;10/01/2006;;;
Europe;EUPHEMUS LINEA;EULI1140S31430;Formation nommée;Ligne allongée sombre ou brillante;LI;EUPHEMUS LINEA;Approuvé par l'UAI en 2003;Demi dieu;Grèce;grec;Non applicable;Non applicable;Non applicable;Non applicable;Dans la mythologie grecque, fils d'Europe et de Poséidon qui pouvait marcher sur l'eau.;314,30;314°18';-11,40;-11°-24';1 250,00;???;Europa;1871;Euphemus Linea;Euphemus Linea;Linea, lineae;LI;1 250,00;-11.4;314.3;-2.6;-20,00;333.1;290.2;Planetographic  +East  0 - 360;;In Greek mythology, son of Europa and Poseidon who could walk on water.;Europe;Greek;Approved;2003;1;10/01/2006;;;
Europe;FALGA REGIO;EURE3000N15000;Formation nommée;Grande région géographique;RE;FALGA REGIO;Approuvé par l'UAI le 11 Mai 2007;Endroit;Nation celte;celte;Non applicable;Non applicable;Non applicable;Non applicable;Dans la mythologie celte, île où Midir possédait une place forte.;150,00;150°0';30,00;30°0';2 500,00;???;Europa;14294;Falga Regio;Falga Regio;Regio, regiones;RE;2 500,00;30,00;150,00;55,00;0,00;210,00;72,00;Planetographic  +East  0 - 360;;In Celtic mythology, island where Midir had a stronghold.;Europe;Celtic;Approved;May 11, 2007;128;05/11/2007;;;
Europe;GLAUKOS LINEA;EULI5780N12910;Formation nommée;Ligne allongée sombre ou brillante;LI;GLAUKOS LINEA;Approuvé par l'UAI en 2003;Humain;Grèce;grec;Non applicable;Non applicable;Non applicable;Non applicable;Fils de Minos dans la mythologie grecque.;129,10;129°5';57,80;57°47';1 400,00;???;Europa;2185;Glaukos Linea;Glaukos Linea;Linea, lineae;LI;1 400,00;57.8;129.1;78.4;30.7;131.4;107.7;Planetographic  +East  0 - 360;;Son of Minos in Greek mythology.;Europe;Greek;Approved;2003;27;10/01/2006;;;
Europe;GORTYNA FLEXUS;EUFE4210S21540;Formation nommée;Crête basse et incurvée;FE;GORTYNA FLEXUS;Approuvé par l'UAI en 1979;Endroit;Grèce;grec;Non applicable;Non applicable;Non applicable;Non applicable;Endroit en Crète où Zeus amena Europe.;215,40;215°24';-42,10;-42°-6';940,00;???;Europa;2226;Gortyna Flexus;Gortyna Flexus;Flexus, flexÅ«s;FE;940,00;-42.1;215.4;-25.4;-50,00;223.2;184.2;Planetographic  +East  0 - 360;;Place on Crete where Zeus brought Europa.;Europe;Greek;Approved;1979;19;10/01/2006;;;
Europe;GOVANNAN;EUAA3730S5720;Formation nommée;Cratère;AA;GOVANNAN;Approuvé par l'UAI en 1997;Humain;Nation celte;celte;Non applicable;Non applicable;Non applicable;Non applicable;Un des enfants de Don, forgeron et brasseur.;57,20;57°12';-37,30;-37°-17';11,50;11,5;Europa;2228;Govannan;Govannan;Crater, craters;AA;11.5;-37.3;57.2;-37,00;-37.4;57.5;57,00;Planetographic  +East  0 - 360;;One of the Children of Don, a smith and brewer.;Europe;Celtic;Approved;1997;1;10/01/2006;;;
Europe;GRAINNE;EUAA5970S26060;Formation nommée;Cratère;AA;GRAINNE;Approuvé par l'UAI en 2000;Humain;Irlande;irlandais;Non applicable;Non applicable;Non applicable;Non applicable;Fille de Cormac Mac Art, le Roi mythique d'Ulster et femme de Diarmuid.;260,60;260°36';-59,70;-59°-42';13,50;13,5;Europa;2263;GrÃ¡inne;Grainne;Crater, craters;AA;13.5;-59.7;260.6;-59.5;-60,00;261.1;260.1;Planetographic  +East  0 - 360;;Daughter of Cormac Mac Art, the mythical High King of Ulster, and wife of Diarmuid.;Europe;Ireland;Approved;2000;152;11/17/08;;;
Europe;GWERN;EUAA914N1546;Formation nommée;Cratère;AA;GWERN;Approuvé par l'UAI en 2006;Humain;Nation celte;celte;Non applicable;Non applicable;Non applicable;Non applicable;Fils de Branwen dans la mythologie celtique.;15,46;15°27';9,14;9°8';22,20;22,2;Europa;6970;Gwern;Gwern;Crater, craters;AA;22.2;9.14;15.46;9.57;8.73;15.91;15.03;Planetographic  +East  0 - 360;;Son of Branwen in Celtic mythology.;Europe;Celtic;Approved;2006;83;10/01/2006;;;
Europe;GWYDION;EUAA6050S27840;Formation nommée;Cratère;AA;GWYDION;Approuvé par l'UAI en 2000;Poète;Nation celte;celte;Non applicable;Non applicable;Non applicable;Non applicable;Poète celtique, un des enfants de la déesse mère Don.;278,40;278°23';-60,50;-60°-30';5,00;5;Europa;2296;Gwydion;Gwydion;Crater, craters;AA;5,00;-60.5;278.4;-60.4;-60.6;278.6;278.3;Planetographic  +East  0 - 360;;Celtic poet, one of the children of the mother goddess Don.;Europe;Celtic;Approved;2000;1;10/01/2006;;;
Europe;HARMONIA LINEA;EULI2800N18830;Formation nommée;Ligne allongée sombre ou brillante;LI;HARMONIA LINEA;Approuvé par l'UAI en 1997;Humain;Grèce;grec;Non applicable;Non applicable;Non applicable;Non applicable;Femme de Cadmus.;188,30;188°18';28,00;28°0';1 154,00;???;Europa;2368;Harmonia Linea;Harmonia Linea;Linea, lineae;LI;1 154,00;28,00;188.3;32,00;17.5;210.9;167.4;Planetographic  +East  0 - 360;;Wife of Cadmus.;Europe;Greek;Approved;1997;1;10/01/2006;;;
Europe;HYPERENOR LINEA;EULI1210S3560;Formation nommée;Ligne allongée sombre ou brillante;LI;HYPERENOR LINEA;Approuvé par l'UAI en 1997;Humain;Grèce;grec;Non applicable;Non applicable;Non applicable;Non applicable;Survivant humain que Cadmus recousut avec une dent du dragon, un des fondateur de Thèbes.;35,60;35°36';-12,10;-12°-5';2 996,00;???;Europa;2615;Hyperenor Linea;Hyperenor Linea;Linea, lineae;LI;2 996,00;-12.1;35.6;35,00;-45.3;345.4;65.6;Planetographic  +East  0 - 360;;Survivor of the men Cadmus sowed with dragon's teeth, a founder of Thebes.;Europe;Greek;Approved;1997;19;10/01/2006;;;
Europe;INO LINEA;EULI170S18540;Formation nommée;Ligne allongée sombre ou brillante;LI;INO LINEA;Approuvé par l'UAI en 1997;Humain;Grèce;grec;Non applicable;Non applicable;Non applicable;Non applicable;Fille d'Harmonia et Cadmus.;185,40;185°24';-1,70;-1°-42';1 515,00;???;Europa;2699;Ino Linea;Ino Linea;Linea, lineae;LI;1 515,00;-1.7;185.4;15.6;-16.4;206.6;161.8;Planetographic  +East  0 - 360;;Daughter of Harmonia and Cadmus.;Europe;Greek;Approved;1997;1;10/01/2006;;;
Europe;KATREUS LINEA;EULI3880S14670;Formation nommée;Ligne allongée sombre ou brillante;LI;KATREUS LINEA;Approuvé par l'UAI en 2000;Humain;Grèce;grec;Non applicable;Non applicable;Non applicable;Non applicable;Fils de Minos dans la mythologie grecque.;146,70;146°41';-38,80;-38°-47';195,00;???;Europa;2959;Katreus Linea;Katreus Linea;Linea, lineae;LI;195,00;-38.8;146.7;-37.6;-39.7;151.3;142.6;Planetographic  +East  0 - 360;;Son of Minos in Greek mythology.;Europe;Greek;Approved;2000;19;10/01/2006;;;
Europe;KENNET LINEA;EULI4100S4800;Formation nommée;Ligne allongée sombre ou brillante;LI;KENNET LINEA;Approuvé par l'UAI en 2003;Endroit;Nation celte;celte;Non applicable;Non applicable;Non applicable;Non applicable;Rangée de pierres en Angleterre.;48,00;48°0';-41,00;-41°0';3 200,00;???;Europa;2988;Kennet Linea;Kennet Linea;Linea, lineae;LI;3 200,00;-41,00;48,00;-26.6;-27.3;114.2;360,00;Planetographic  +East  0 - 360;;Stone row in England.;Europe;Celtic;Approved;2003;142;10/01/2006;;;
Europe;LIBYA LINEA;EULI5400S17900;Formation nommée;Ligne allongée sombre ou brillante;LI;LIBYA LINEA;Approuvé par l'UAI en 1979;Humain;Grèce;grec;Non applicable;Non applicable;Non applicable;Non applicable;Mère d'Agénor.;179,00;179°0';-54,00;-54°0';366,00;???;Europa;3390;Libya Linea;Libya Linea;Linea, lineae;LI;366,00;-54,00;179,00;-49.7;-59.3;186.3;169.7;Planetographic  +East  0 - 360;;"Greek; Agenor's mother.";Europe;Greek;Approved;1979;19;10/01/2006;;;
Europe;LLYR;EUAA180S13820;Formation nommée;Cratère;AA;LLYR;Approuvé par l'UAI en 2000;Dieu;Nation celte;celte;Non applicable;Non applicable;Non applicable;Non applicable;Dieu celte de la mer.;138,20;138°11';-1,80;-1°-48';1,10;1,1;Europa;3435;Llyr;Llyr;Crater, craters;AA;1.1;-1.8;138.2;;;;;Planetographic  +East  0 - 360;;Celtic sea god.;Europe;Celtic;Approved;2000;83;10/01/2006;;;
Europe;LUCHTAR;EUAA4020S10243;Formation nommée;Cratère;AA;LUCHTAR;Approuvé par l'UAI en 2006;Dieu;Nation celte;celte;Non applicable;Non applicable;Non applicable;Non applicable;Dieu celte des charpentiers.;102,43;102°25';-40,20;-40°-12';19,90;19,9;Europa;6971;Luchtar;Luchtar;Crater, craters;AA;19.9;-40.2;102.43;-39.91;-40.5;102.89;101.93;Planetographic  +East  0 - 360;;Celtic god of carpentry.;Europe;Celtic;Approved;2006;160;10/01/2006;;;
Europe;LUG;EUAA2799N31569;Formation nommée;Cratère;AA;LUG;Approuvé par l'UAI en 2006;Dieu;Irlande;irlandais;Non applicable;Non applicable;Non applicable;Non applicable;Dieu universel irlandais.;315,69;315°41';27,99;27°59';11,00;11;Europa;6972;Lug;Lug;Crater, craters;AA;11,00;27.99;315.69;28.18;27.78;315.94;315.45;Planetographic  +East  0 - 360;;Irish omnicompetent god.;Europe;Ireland;Approved;2006;1;5/15/10;;;
Europe;MAEL DUIN;EUAA1680S16210;Formation nommée;Cratère;AA;MAEL DUIN;Approuvé par l'UAI en 2000;Héros;Nation celte;celte;Non applicable;Non applicable;Non applicable;Non applicable;Héros celte.;162,10;162°5';-16,80;-16°-48';2,00;2;Europa;3569;Mael DÃºin;Mael Duin;Crater, craters;AA;2,00;-16.8;162.1;;;;;Planetographic  +East  0 - 360;;Celtic hero.;Europe;Celtic;Approved;2000;152;11/17/08;;;
Europe;MAEVE;EUAA5880N28110;Formation nommée;Cratère;AA;MAEVE;Approuvé par l'UAI en 2000;Reine;Irlande;irlandaise;Non applicable;Non applicable;Non applicable;Non applicable;Reine irlandaise mythologique de la province de Connacht.;281,10;281°6';58,80;58°47';21,30;21,3;Europa;3571;Maeve;Maeve;Crater, craters;AA;21.3;58.8;281.1;59.2;58.4;281.9;280.3;Planetographic  +East  0 - 360;;Mythological Irish queen of Connacht province.;Europe;Ireland;Approved;2000;152;10/01/2006;;;
Europe;MANANNAN;EUAA310N12030;Formation nommée;Cratère;AA;MANANNAN;Approuvé par l'UAI en 1997;Dieu;Nation celte;celte;Non applicable;Non applicable;Non applicable;Non applicable;Dieu irlandais de la fertilité et de la mer.;120,30;120°17';3,10;3°6';30,00;30;Europa;3622;ManannÃ¡n;Manannan;Crater, craters;AA;30,00;3.1;120.3;3.8;2.4;120.9;119.5;Planetographic  +East  0 - 360;;Irish sea and fertility god.;Europe;Celtic;Approved;1997;1;11/17/08;;;
Europe;MATH;EUAA2560S17630;Formation nommée;Cratère;AA;MATH;Approuvé par l'UAI en 2000;Dieu;Nation celte;celte;Non applicable;Non applicable;Non applicable;Non applicable;Dieu celte de la richesse de la province Connacht.;176,30;176°18';-25,60;-25°-36';10,80;10,8;Europa;3749;Math;Math;Crater, craters;AA;10.8;-25.6;176.3;-25.4;-25.8;176.5;176.1;Planetographic  +East  0 - 360;;Celtic god of wealth and treasure.;Europe;Celtic;Approved;2000;160;10/01/2006;;;
Europe;MEHEN LINEA;EULI5600N12330;Formation nommée;Ligne allongée sombre ou brillante;LI;MEHEN LINEA;Approuvé par l'UAI en 2003;Endroit;France;français;Non applicable;Non applicable;Non applicable;Non applicable;Rangée de pierres en Bretagne.;123,30;123°17';56,00;56°0';1 500,00;???;Europa;3803;Mehen Linea;Mehen Linea;Linea, lineae;LI;1 500,00;56,00;123.3;47.1;47.1;165.2;81.7;Planetographic  +East  0 - 360;;Stone row in Brittany, France.;Europe;France;Approved;2003;142;10/01/2006;;;
Europe;MERRIVALE LINEA;EULI4100S6050;Formation nommée;Ligne allongée sombre ou brillante;LI;MERRIVALE LINEA;Approuvé par l'UAI en 2003;Endroit;Nation celte;celte;Non applicable;Non applicable;Non applicable;Non applicable;Rangée de pierres en Angleterre.;60,50;60°30';-41,00;-41°0';1 600,00;???;Europa;3861;Merrivale Linea;Merrivale Linea;Linea, lineae;LI;1 600,00;-41,00;60.5;-12.6;-69,00;67.3;42,00;Planetographic  +East  0 - 360;;Stone row in England.;Europe;Celtic;Approved;2003;142;10/01/2006;;;
Europe;MIDIR;EUAA365N2125;Formation nommée;Cratère;AA;MIDIR;Approuvé par l'UAI en 2006;Divinité;Nation celte;celte;Non applicable;Non applicable;Non applicable;Non applicable;Divinité celte du destin et du monde souterrain.;21,25;21°15';3,65;3°39';37,40;37,4;Europa;6973;Midir;Midir;Crater, craters;AA;37.4;3.65;21.25;4.33;2.96;21.92;20.66;Planetographic  +East  0 - 360;;Gaelic fate and underworld deity.;Europe;Celtic;Approved;2006;83;10/01/2006;;;
Europe;MINOS LINEA;EULI4720N16480;Formation nommée;Ligne allongée sombre ou brillante;LI;MINOS LINEA;Approuvé par l'UAI en 1979;Demi dieu;Grèce;grec;Non applicable;Non applicable;Non applicable;Non applicable;Fils d'Europe et de Zeus.;164,80;164°48';47,20;47°12';2 170,00;???;Europa;3915;Minos Linea;Minos Linea;Linea, lineae;LI;2 170,00;47.2;164.8;33.8;33.7;209.8;112.1;Planetographic  +East  0 - 360;;"Greek; son of Europa and Zeus.";Europe;Greek;Approved;1979;19;10/01/2006;;;
Europe;MORVRAN;EUAA490S20740;Formation nommée;Cratère;AA;MORVRAN;Approuvé par l'UAI en 1985;Humain;Nation celte;celte;Non applicable;Non applicable;Non applicable;Non applicable;Fils laid de Tegid.;207,40;207°24';-4,90;-4°-54';15,00;15;Europa;4045;Morvran;Morvran;Crater, craters;AA;15,00;-4.9;207.4;-4.6;-5.2;207.7;207.1;Planetographic  +East  0 - 360;;"Celtic; ugly son of Tegid.";Europe;Celtic;Approved;1985;27;10/01/2006;;;
Europe;MOYTURA REGIO;EURE5000S6570;Formation nommée;Grande région géographique;RE;MOYTURA REGIO;Approuvé par l'UAI en 1997;Endroit;Nation celte;celte;Non applicable;Non applicable;Non applicable;Non applicable;Lieu de batailles entre les Fomoriens et les Tautha de Danann.;65,70;65°42';-50,00;-50°0';483,00;???;Europa;4057;Moytura Regio;Moytura Regio;Regio, regiones;RE;483,00;-50,00;65.7;-43.1;-55.7;74.7;52.6;Planetographic  +East  0 - 360;;Location of battles between the Fomorians and the Tautha de Danann.;Europe;Celtic;Approved;1997;1;10/01/2006;;;
Europe;MURIAS CHAOS;EUCH2240N27620;Formation nommée;Région distincte de terrains brisés;CH;MURIAS CHAOS;Approuvé par l'UAI en 2003;Endroit;Nation celte;celte;Non applicable;Non applicable;Non applicable;Non applicable;Une des quatre grandes cités des Tautha de Danann (Peuple de la déesse Danu) dans les mythes celtes.;276,20;276°11';22,40;22°23';116,00;???;Europa;4074;Murias Chaos;Murias Chaos;Chaos, chaoses;CH;116,00;22.4;276.2;24,00;20.6;278.6;274.1;Planetographic  +East  0 - 360;;One of the four great cities of the Tuatha DÃ© Danann (the people of the goddess Danu, the wizards) in Irish Celtic myths.;Europe;Celtic;Approved;2003;160;11/17/08;;;
Europe;NARBERTH CHAOS;EUCH2600S8700;Formation nommée;Région distincte de terrains brisés;CH;NARBERTH CHAOS;Approuvé par l'UAI le 23 août 2007;Humain;Nation celte;celte;Non applicable;Non applicable;Non applicable;Non applicable;Chef de Pwyll qui rencontra sa future femme Rhiannon près d'un tertre voisin.;87,00;87°0';-26,00;-26°0';20,00;???;Europa;14304;Narberth Chaos;Narberth Chaos;Chaos, chaoses;CH;20,00;-26,00;87,00;;;;;Planetographic  +East  0 - 360;;"Chief court of Pwyll; he first saw his future wife Rhiannon at a nearby mound.";Europe;Celtic;Approved;Aug 23, 2007;128;8/23/07;;;
Europe;NIAMH;EUAA2110N14310;Formation nommée;Cratère;AA;NIAMH;Approuvé par l'UAI en 2000;Déesse;Nation celte;celte;Non applicable;Non applicable;Non applicable;Non applicable;Fille à la chevelure dorée du dieu celte de la mer et de la fertilité Manannain.;143,10;143°5';21,10;21°6';5,00;5;Europa;4245;Niamh;Niamh;Crater, craters;AA;5,00;21.1;143.1;;;;;Planetographic  +East  0 - 360;;Golden-haired daughter of the Celtic sea and fertility god ManannÃ¡n.;Europe;Celtic;Approved;2000;83;11/17/08;;;
Europe;OGMA;EUAA8745N7214;Formation nommée;Cratère;AA;OGMA;Approuvé par l'UAI en 2006;Dieu;Nation celte;celte;Non applicable;Non applicable;Non applicable;Non applicable;Dieu celte de l'éloquence et de la littérature, un des fils de Dagda.;72,14;72°8';87,45;87°27';5,00;5;Europa;6974;Ogma;Ogma;Crater, craters;AA;5,00;87.45;72.14;87.53;87.37;73.66;70.05;Planetographic  +East  0 - 360;;Celtic god of eloquence and literature, a son of Dagda.;Europe;Celtic;Approved;2006;160;10/01/2006;;;
Europe;OISIN;EUAA5230S14660;Formation nommée;Cratère;AA;OISIN;Approuvé par l'UAI en 2000;Héros;Irlande;irlandais;Non applicable;Non applicable;Non applicable;Non applicable;Guerrier mythologique irlandais fils de Fionn Mac Cumhail et Sabd.;146,60;146°35';-52,30;-52°-17';6,20;6,2;Europa;4421;OisÃ­n;Oisin;Crater, craters;AA;6.2;-52.3;146.6;-52.2;-52.4;146.8;146.4;Planetographic  +East  0 - 360;;Mythical Irish warrior, son of Fionn Mac Cumhail and Sadb.;Europe;Ireland;Approved;2000;160;11/17/08;;;
Europe;ONGA LINEA;EULI3870S14870;Formation nommée;Ligne allongée sombre ou brillante;LI;ONGA LINEA;Approuvé par l'UAI en 2000;Endroit;Grèce;grec;Non applicable;Non applicable;Non applicable;Non applicable;Nom phénicien d'Athènes.;148,70;148°41';-38,70;-38°-42';870,00;???;Europa;4465;Onga Linea;Onga Linea;Linea, lineae;LI;870,00;-38.7;148.7;-36.4;-36.7;169.3;129.7;Planetographic  +East  0 - 360;;Phoenician name for Athene.;Europe;Greek;Approved;2000;19;10/01/2006;;;
Europe;PELAGON LINEA;EULI3550N18640;Formation nommée;Ligne allongée sombre ou brillante;LI;PELAGON LINEA;Approuvé par l'UAI en 1997;Roi;Grèce;grec;Non applicable;Non applicable;Non applicable;Non applicable;Roi qui vendit à Cadmus la vache avec une Pleine Lune blanche sur chaque flanc.;186,40;186°24';35,50;35°30';616,70;???;Europa;4637;Pelagon Linea;Pelagon Linea;Linea, lineae;LI;616.7;35.5;186.4;36.5;31.5;198.5;172.1;Planetographic  +East  0 - 360;;King who sold Cadmus the cow with a white full moon on each flank.;Europe;Greek;Approved;1997;19;10/01/2006;;;
Europe;PELORUS LINEA;EULI1980S17170;Formation nommée;Ligne allongée sombre ou brillante;LI;PELORUS LINEA;Approuvé par l'UAI en 1979;Humain;Grèce;grec;Non applicable;Non applicable;Non applicable;Non applicable;Survivant humain que Cadmus recousut avec une dent du dragon, un des fondateur de Thèbes.;171,70;171°41';-19,80;-19°-48';1 535,00;???;Europa;4643;Pelorus Linea;Pelorus Linea;Linea, lineae;LI;1 535,00;-19.8;171.7;-9.4;-21.5;200.4;148,00;Planetographic  +East  0 - 360;;"Greek; survivor of the men Cadmus sowed with the dragon's teeth; a founder of Thebes.";Europe;Greek;Approved;1979;19;10/01/2006;;;
Europe;PHINEUS LINEA;EULI2980S4010;Formation nommée;Ligne allongée sombre ou brillante;LI;PHINEUS LINEA;Approuvé par l'UAI en 1979;Humain;Grèce;grec;Non applicable;Non applicable;Non applicable;Non applicable;Frère d'Europe.;40,10;40°6';-29,80;-29°-48';2 004,00;???;Europa;4695;Phineus Linea;Phineus Linea;Linea, lineae;LI;2 004,00;-29.8;40.1;-19.2;-23.5;78.6;360,00;Planetographic  +East  0 - 360;;"Greek; brother of Europa.";Europe;Greek;Approved;1979;19;10/01/2006;;;
Europe;PHOCIS FLEXUS;EUFE4450S16160;Formation nommée;Crête basse et incurvée;FE;PHOCIS FLEXUS;Approuvé par l'UAI en 1985;Endroit;Grèce;grec;Non applicable;Non applicable;Non applicable;Non applicable;Endroit où la vache conduisit Cadmus avant qu'il ne stoppe à Thèbes.;161,60;161°35';-44,50;-44°-30';242,00;???;Europa;4703;Phocis Flexus;Phocis Flexus;Flexus, flexÅ«s;FE;242,00;-44.5;161.6;-46,00;-46.8;168.8;155.8;Planetographic  +East  0 - 360;;Where the cow lead Cadmus before it stopped at the site of Thebes.;Europe;Greek;Approved;1985;19;10/01/2006;;;
Europe;PHOENIX LINEA;EULI1660N17120;Formation nommée;Ligne allongée sombre ou brillante;LI;PHOENIX LINEA;Approuvé par l'UAI en 1985;Humain;Grèce;grec;Non applicable;Non applicable;Non applicable;Non applicable;Frère d'Europe.;171,20;171°11';16,60;16°36';1 621,00;???;Europa;4707;Phoenix Linea;Phoenix Linea;Linea, lineae;LI;1 621,00;16.6;171.2;11.5;5.1;200.1;143.4;Planetographic  +East  0 - 360;;Brother of Europa.;Europe;Greek;Approved;1985;19;10/01/2006;;;
Europe;POWYS REGIO;EURE0N21500;Formation nommée;Grande région géographique;RE;POWYS REGIO;Approuvé par l'UAI le 11 Mai 2007;Endroit;Nation celte;celte;Non applicable;Non applicable;Non applicable;Non applicable;Ancien roi du Pays de Galles dans la mythologie celte.;215,00;215°0';0,00;0°0';2 000,00;???;Europa;14295;Powys Regio;Powys Regio;Regio, regiones;RE;2 000,00;0,00;215,00;30,00;-40,00;250,00;190,00;Planetographic  +East  0 - 360;;In Celtic mythology, ancient kingdom of mid-Wales.;Europe;Wales;Approved;May 11, 2007;160;05/11/2007;;;
Europe;PRYDERI;EUAA6610S20090;Formation nommée;Cratère;AA;PRYDERI;Approuvé par l'UAI en 2000;Dieu;Nation celte;celte;Non applicable;Non applicable;Non applicable;Non applicable;Fils de Pwyll, dieu celte du monde souterrain.;200,90;200°54';-66,10;-66°-5';1,70;1,7;Europa;4856;Pryderi;Pryderi;Crater, craters;AA;1.7;-66.1;200.9;;;;;Planetographic  +East  0 - 360;;Son of Pwyll, Celtic god of the underworld.;Europe;Celtic;Approved;2000;83;10/01/2006;;;
Europe;PWYLL;EUAA2520S8860;Formation nommée;Cratère;AA;PWYLL;Approuvé par l'UAI en 1997;Dieu;Nation celte;celte;Non applicable;Non applicable;Non applicable;Non applicable;Dieu celte du monde souterrain.;88,60;88°35';-25,20;-25°-12';45,00;45;Europa;4878;Pwyll;Pwyll;Crater, craters;AA;45,00;-25.2;88.6;-24.3;-26,00;89.5;87.6;Planetographic  +East  0 - 360;;Celtic god of the underworld.;Europe;Celtic;Approved;1997;83;10/01/2006;;;
Europe;RATHMORE CHAOS;EUCH2540N28500;Formation nommée;Région distincte de terrains brisés;CH;RATHMORE CHAOS;Approuvé par l'UAI le 23 août 2007;Dieu;Nation celte;celte;Non applicable;Non applicable;Non applicable;Non applicable;Siège de Mongan, un fils du dieu de la mer Manannain.;285,00;285°0';25,40;25°23';57,00;???;Europa;14305;Rathmore Chaos;Rathmore Chaos;Chaos, chaoses;CH;57,00;25.4;285,00;26.3;24.6;286.1;284,00;Planetographic  +East  0 - 360;;Seat of Mongan, a son of the sea god ManannÃ¡n.;Europe;Celtic;Approved;Aug 23, 2007;205;11/17/08;;;
Europe;RHADAMANTHYS LINEA;EULI1930N15950;Formation nommée;Ligne allongée sombre ou brillante;LI;RHADAMANTHYS LINEA;Approuvé par l'UAI en 1985;Demi dieu;Grèce;grec;Non applicable;Non applicable;Non applicable;Non applicable;Fils d'Europe et de Zeus.;159,50;159°30';19,30;19°18';1 747,00;???;Europa;5012;Rhadamanthys Linea;Rhadamanthys Linea;Linea, lineae;LI;1 747,00;19.3;159.5;33.9;2.6;186.9;127.6;Planetographic  +East  0 - 360;;Son of Europa and Zeus.;Europe;Greek;Approved;1985;19;10/01/2006;;;
Europe;RHIANNON;EUAA8090S16510;Formation nommée;Cratère;AA;RHIANNON;Approuvé par l'UAI en 1985;Héroïne;Nation celte;celte;Non applicable;Non applicable;Non applicable;Non applicable;Héroïne celte.;165,10;165°5';-80,90;-80°-54';15,90;15,9;Europa;5016;Rhiannon;Rhiannon;Crater, craters;AA;15.9;-80.9;165.1;-80.6;-81.2;166.9;163.2;Planetographic  +East  0 - 360;;Celtic heroine.;Europe;Celtic;Approved;1985;19;10/01/2006;;;
Europe;SARPEDON LINEA;EULI4950S26710;Formation nommée;Ligne allongée sombre ou brillante;LI;SARPEDON LINEA;Approuvé par l'UAI en 1979;Demi dieu;Grèce;grec;Non applicable;Non applicable;Non applicable;Non applicable;Fils d'Europe et de Zeus.;267,10;267°6';-49,50;-49°-30';900,00;???;Europa;5329;Sarpedon Linea;Sarpedon Linea;Linea, lineae;LI;900,00;-49.5;267.1;-31.9;-62.3;278.2;261.4;Planetographic  +East  0 - 360;;"Greek; son of Europa and Zeus.";Europe;Greek;Approved;1979;19;10/01/2006;;;
Europe;SHARPITOR LINEA;EULI6540N18830;Formation nommée;Ligne allongée sombre ou brillante;LI;SHARPITOR LINEA;Approuvé par l'UAI en 2003;Endroit;Angleterre;anglais;Non applicable;Non applicable;Non applicable;Non applicable;Rangée de pierres en Angleterre.;188,30;188°18';65,40;65°24';1 650,00;???;Europa;5473;Sharpitor Linea;Sharpitor Linea;Linea, lineae;LI;1 650,00;65.4;188.3;71.6;30.3;221.2;134.1;Planetographic  +East  0 - 360;;Stone row in England.;Europe;England;Approved;2003;142;10/01/2006;;;
Europe;SIDON FLEXUS;EUFE6640S17660;Formation nommée;Crête basse et incurvée;FE;SIDON FLEXUS;Approuvé par l'UAI en 1979;Endroit;Grèce;grec;Non applicable;Non applicable;Non applicable;Non applicable;Un autre nom de Tyre, où Europe est née.;176,60;176°35';-66,40;-66°-24';1 133,00;???;Europa;5520;Sidon Flexus;Sidon Flexus;Flexus, flexÅ«s;FE;1 133,00;-66.4;176.6;-52.2;-68.2;213.2;131,00;Planetographic  +East  0 - 360;;"Another name for Tyre; where Europa was born.";Europe;Greek;Approved;1979;22;10/01/2006;;;
Europe;SPARTI LINEA;EULI5930N11450;Formation nommée;Ligne allongée sombre ou brillante;LI;SPARTI LINEA;Approuvé par l'UAI en 2003;Demi dieu;Grèce;grec;Non applicable;Non applicable;Non applicable;Non applicable;Dans la mythologie grecque, guerriers issus des dents du dragon cousues par Athène, ancêtre des Thébains.;114,50;114°30';59,30;59°17';1 600,00;???;Europa;5665;Sparti Linea;Sparti Linea;Linea, lineae;LI;1 600,00;59.3;114.5;75,00;32.8;194.3;96.3;Planetographic  +East  0 - 360;;In Greek mythology, warriors who sprouted from the dragon's teeth sewn by Athene, ancestors of the Thebans.;Europe;Greek;Approved;2003;1;10/01/2006;;;
Europe;STALDON LINEA;EULI80S33260;Formation nommée;Ligne allongée sombre ou brillante;LI;STALDON LINEA;Approuvé par l'UAI en 2003;Endroit;Angleterre;anglais;Non applicable;Non applicable;Non applicable;Non applicable;Rangée de pierres en Angleterre.;332,60;332°36';-0,80;0°-48';1 525,00;???;Europa;5681;Staldon Linea;Staldon Linea;Linea, lineae;LI;1 525,00;-0.8;332.6;28,00;-27.3;335,00;334,00;Planetographic  +East  0 - 360;;Stone row in England.;Europe;England;Approved;2003;142;10/01/2006;;;
Europe;TALIESIN;EUAA2280S22200;Formation nommée;Cratère;AA;TALIESIN;Approuvé par l'UAI en 1985;Magicien;Nation celte;celte;Non applicable;Non applicable;Non applicable;Non applicable;Files de Bran, magicien celte.;222,00;222°0';-22,80;-22°-48';50,00;50;Europa;5838;Taliesin;Taliesin;Crater, craters;AA;50,00;-22.8;222,00;-22,00;-23.7;223,00;220.9;Planetographic  +East  0 - 360;;"Celtic, son of Bran; magician.";Europe;Celtic;Approved;1985;27;10/01/2006;;;
Europe;TARA REGIO;EURE1000S28500;Formation nommée;Grande région géographique;RE;TARA REGIO;Approuvé par l'UAI le 11 Mai 2007;Endroit;Nation celte;celte;Non applicable;Non applicable;Non applicable;Non applicable;Dans la mythologie celte, la principale résidence royale des rois.;285,00;285°0';-10,00;-10°0';1 780,00;???;Europa;14296;Tara Regio;Tara Regio;Regio, regiones;RE;1 780,00;-10,00;285,00;20,00;-35,00;318,00;253,00;Planetographic  +East  0 - 360;;In Celtic mythology, the main royal residence of the High Kings.;Europe;Celtic;Approved;May 11, 2007;160;05/11/2007;;;
Europe;TECTAMUS LINEA;EULI2690N16080;Formation nommée;Ligne allongée sombre ou brillante;LI;TECTAMUS LINEA;Approuvé par l'UAI en 1985;Humain;Grèce;grec;Non applicable;Non applicable;Non applicable;Non applicable;Père d'Asterius.;160,80;160°48';26,90;26°53';2 096,00;???;Europa;5895;Tectamus Linea;Tectamus Linea;Linea, lineae;LI;2 096,00;26.9;160.8;11.2;4.6;194.8;127,00;Planetographic  +East  0 - 360;;Father of Asterius.;Europe;Greek;Approved;1985;19;10/01/2006;;;
Europe;TEGID;EUAA80N19560;Formation nommée;Cratère;AA;TEGID;Approuvé par l'UAI en 1985;Héros;Nation celte;celte;Non applicable;Non applicable;Non applicable;Non applicable;Héros celte qui vivait dans le lac Bula.;195,60;195°35';0,80;0°48';29,70;29,7;Europa;5897;Tegid;Tegid;Crater, craters;AA;29.7;0.8;195.6;1.4;0.2;196.1;195.1;Planetographic  +East  0 - 360;;Celtic hero who lived in Bula Lake.;Europe;Celtic;Approved;1985;27;10/01/2006;;;
Europe;TELEPHASSA LINEA;EULI80S18280;Formation nommée;Ligne allongée sombre ou brillante;LI;TELEPHASSA LINEA;Approuvé par l'UAI en 1985;Humain;Grèce;grec;Non applicable;Non applicable;Non applicable;Non applicable;Mère d'Europe.;182,80;182°48';-0,80;0°-48';777,00;???;Europa;5907;Telephassa Linea;Telephassa Linea;Linea, lineae;LI;777,00;-0.8;182.8;-5,00;-8.1;194,00;169.1;Planetographic  +East  0 - 360;;Europa's mother.;Europe;Greek;Approved;1985;19;10/01/2006;;;
Europe;THASUS LINEA;EULI6610S17600;Formation nommée;Ligne allongée sombre ou brillante;LI;THASUS LINEA;Approuvé par l'UAI en 1979;Humain;Grèce;grec;Non applicable;Non applicable;Non applicable;Non applicable;Frère d'Europe.;176,00;176°0';-66,10;-66°-5';669,30;???;Europa;5950;Thasus Linea;Thasus Linea;Linea, lineae;LI;669.3;-66.1;176,00;-54.7;-75.5;185.1;150.5;Planetographic  +East  0 - 360;;"Greek; brother of Europa.";Europe;Greek;Approved;1979;19;10/01/2006;;;
Europe;THERA MACULA;EUMA4670S17880;Formation nommée;Tache sombre;MA;THERA MACULA;Approuvé par l'UAI en 1979;Endroit;Grèce;grec;Non applicable;Non applicable;Non applicable;Non applicable;Endroit où Cadmus arrêta sa recherche d'Europe.;178,80;178°48';-46,70;-46°-42';95,00;???;Europa;5967;Thera Macula;Thera Macula;Macula, maculae;MA;95,00;-46.7;178.8;-44.9;-48.4;181.1;176.2;Planetographic  +East  0 - 360;;"Greek; place where Cadmus stopped in his search for Europa.";Europe;Greek;Approved;1979;19;10/01/2006;;;
Europe;THRACE MACULA;EUMA4590S18790;Formation nommée;Tache sombre;MA;THRACE MACULA;Approuvé par l'UAI en 1979;Endroit;Grèce;grec;Non applicable;Non applicable;Non applicable;Non applicable;Endroit où Cadmus arrêta sa recherche d'Europe.;187,90;187°54';-45,90;-45°-53';180,20;???;Europa;5984;Thrace Macula;Thrace Macula;Macula, maculae;MA;180.2;-45.9;187.9;-42.4;-48.9;190.2;186,00;Planetographic  +East  0 - 360;;Place in northern Greece where Cadmus stopped in his search for Europa.;Europe;Greek;Approved;1979;19;10/01/2006;;;
Europe;THYNIA LINEA;EULI5920S20550;Formation nommée;Ligne allongée sombre ou brillante;LI;THYNIA LINEA;Approuvé par l'UAI en 1985;Endroit;Grèce;grec;Non applicable;Non applicable;Non applicable;Non applicable;péninsule entre la Mer Noire et la Mer de Marmara, là où Phineus chercha Europe.;205,50;205°30';-59,20;-59°-12';412,60;???;Europa;5989;Thynia Linea;Thynia Linea;Linea, lineae;LI;412.6;-59.2;205.5;-53.4;-65.2;216,00;198.2;Planetographic  +East  0 - 360;;Peninsula between Black and Marmara Seas, where Phineus sought Europa.;Europe;Greek;Approved;1985;19;10/01/2006;;;
Europe;TORMSDALE LINEA;EULI4770N10200;Formation nommée;Ligne allongée sombre ou brillante;LI;TORMSDALE LINEA;Approuvé par l'UAI en 2003;Endroit;Nation celte;celte;Non applicable;Non applicable;Non applicable;Non applicable;Rangée de pierres en Irlande.;102,00;102°0';47,70;47°42';875,00;???;Europa;6062;Tormsdale Linea;Tormsdale Linea;Linea, lineae;LI;875,00;47.7;102,00;60,00;30.3;111,00;91.3;Planetographic  +East  0 - 360;;Stone row in Ireland.;Europe;Celtic;Approved;2003;142;10/01/2006;;;
Europe;TUAG;EUAA5992N18764;Formation nommée;Cratère;AA;TUAG;Approuvé par l'UAI en 2006;Déesse;Irlande;irlandaise;Non applicable;Non applicable;Non applicable;Non applicable;Déesse irlandaise de l'aurore.;187,64;187°38';59,92;59°55';15,20;15,2;Europa;6975;Tuag;Tuag;Crater, craters;AA;15.2;59.92;187.64;60.13;59.68;188.27;187.18;Planetographic  +East  0 - 360;;Irish dawn goddess.;Europe;Ireland;Approved;2006;83;10/01/2006;;;
Europe;TYRE;EULG3360N21340;Formation nommée;Grande formation en forme d'anneau;LG;TYRE;Approuvé par l'UAI en 1997;Endroit;Grèce;grec;Non applicable;Non applicable;Non applicable;Non applicable;Rivage où Zeus enleva Europe. Nouveau nom de Tyre Macula.;213,40;213°24';33,60;33°36';149,00;???;Europa;6170;Tyre;Tyre;Large ringed feature;LG;149,00;33.6;213.4;36.3;31.2;216.8;210.2;Planetographic  +East  0 - 360;;"Greek; the seashore from which Zeus abducted Europa. Changed from Tyre Macula.";Europe;Greek;Approved;1997;19;10/01/2006;;;
Europe;[TYRE MACULA];EUMA3170N21300;Formation nommée;Tache sombre;MA;[TYRE MACULA];Approuvé par l'UAI en 1979;Endroit;Grèce;grec;Non applicable;Non applicable;Non applicable;Non applicable;Rivage où Zeus enleva Europe. Ancien nom de Tyre.;213,00;213°0';31,70;31°42';148,00;???;Europa;6920;[Tyre Macula];Tyre Macula;Macula, maculae;MA;148,00;31.7;213,00;31.9;31.6;216.1;209.8;Planetographic  +East  0 - 360;;"Greek; the seashore from which Zeus abducted Europa. Changed to Tyre.";Europe;Greek;Dropped;1979;19;03/01/2007;;;
Europe;UAITHNE;EUAA4850S26930;Formation nommée;Cratère;AA;UAITHNE;Approuvé par l'UAI en 2000;Dieu;Nation celte;celte;Non applicable;Non applicable;Non applicable;Non applicable;Harpiste de Dagda, le père de tous les dieux dans les mythes celtes.;269,30;269°18';-48,50;-48°-30';6,50;6,5;Europa;6179;Uaithne;Uaithne;Crater, craters;AA;6.5;-48.5;269.3;-48.3;-48.6;269.5;269.1;Planetographic  +East  0 - 360;;The harpist for Dagda, the father of all gods in Celtic myths.;Europe;Celtic;Approved;2000;160;10/01/2006;;;
Europe;UDAEUS LINEA;EULI4860N12060;Formation nommée;Ligne allongée sombre ou brillante;LI;UDAEUS LINEA;Approuvé par l'UAI en 2003;Humain;Grèce;grec;Non applicable;Non applicable;Non applicable;Non applicable;Survivant humain que Cadmus recousut avec une dent du dragon, un des fondateur de Thèbes.;120,60;120°35';48,60;48°36';2 050,00;???;Europa;6183;Udaeus Linea;Udaeus Linea;Linea, lineae;LI;2 050,00;48.6;120.6;38,00;37.8;166.8;68.2;Planetographic  +East  0 - 360;;In Greek mythology, survivors of the men Cadmus sowed with dragon's teeth.;Europe;Greek;Approved;2003;19;10/01/2006;;;
Europe;YELLAND LINEA;EULI1670S16400;Formation nommée;Ligne allongée sombre ou brillante;LI;YELLAND LINEA;Approuvé par l'UAI en 2006;Endroit;Angleterre;anglais;Non applicable;Non applicable;Non applicable;Non applicable;Rangée de pierres en Angleterre.;164,00;164°0';-16,70;-16°-42';186,00;???;Europa;6651;Yelland Linea;Yelland Linea;Linea, lineae;LI;186,00;-16.7;164,00;-14.2;-19.8;165.7;161.5;Planetographic  +East  0 - 360;;Stone row in England.;Europe;England;Approved;2006;142;10/01/2006;;;
;;;;;;;;;;;;;;;;;;;;;;;;;;;;;;;;;;;;;;;;;;;;;;
;;;;;;;;;;;;;;;;;;;;;;;;;;;;;;;;;;;;;;;;;;;;;;
;;;;;;;;;;;;;;;;;;;;;;;;;;;;;;;;;;;;;;;;;;;;;;
;;;;;;;;;;;;;;;;;;;;;;;;;;;;;;;;;;;;;;;;;;;;;;
;;;;;;;;;;;;;;;;;;;;;;;;;;;;;;;;;;;;;;;;;;;;;;
;;;;;;;;;;;;;;;;;;;;;;;;;;;;;;;;;;;;;;;;;;;;;;
;;;;;;;;;;;;;;;;;;;;;;;;;;;;;;;;;;;;;;;;;;;;;;
;;;;;;;;;;;;;;;;;;;;;;;;;;;;;;;;;;;;;;;;;;;;;;
;;;;;;;;;;;;;;;;;;;;;;;;;;;;;;;;;;;;;;;;;;;;;;
;;;;;;;;;;;;;;;;;;;;;;;;;;;;;;;;;;;;;;;;;;;;;;
;;;;;;;;;;;;;;;;;;;;;;;;;;;;;;;;;;;;;;;;;;;;;;
;;;;;;;;;;;;;;;;;;;;;;;;;;;;;;;;;;;;;;;;;;;;;;
;;;;;;;;;;;;;;;;;;;;;;;;;;;;;;;;;;;;;;;;;;;;;;
;;;;;;;;;;;;;;;;;;;;;;;;;;;;;;;;;;;;;;;;;;;;;;
;;;;;;;;;;;;;;;;;;;;;;;;;;;;;;;;;;;;;;;;;;;;;;
;;;;;;;;;;;;;;;;;;;;;;;;;;;;;;;;;;;;;;;;;;;;;;
;;;;;;;;;;;;;;;;;;;;;;;;;;;;;;;;;;;;;;;;;;;;;;
;;;;;;;;;;;;;;;;;;;;;;;;;;;;;;;;;;;;;;;;;;;;;;
;;;;;;;;;;;;;;;;;;;;;;;;;;;;;;;;;;;;;;;;;;;;;;
;;;;;;;;;;;;;;;;;;;;;;;;;;;;;;;;;;;;;;;;;;;;;;
;;;;;;;;;;;;;;;;;;;;;;;;;;;;;;;;;;;;;;;;;;;;;;
;;;;;;;;;;;;;;;;;;;;;;;;;;;;;;;;;;;;;;;;;;;;;;
;;;;;;;;;;;;;;;;;;;;;;;;;;;;;;;;;;;;;;;;;;;;;;
;;;;;;;;;;;;;;;;;;;;;;;;;;;;;;;;;;;;;;;;;;;;;;
;;;;;;;;;;;;;;;;;;;;;;;;;;;;;;;;;;;;;;;;;;;;;;
;;;;;;;;;;;;;;;;;;;;;;;;;;;;;;;;;;;;;;;;;;;;;;
;;;;;;;;;;;;;;;;;;;;;;;;;;;;;;;;;;;;;;;;;;;;;;
;;;;;;;;;;;;;;;;;;;;;;;;;;;;;;;;;;;;;;;;;;;;;;
;;;;;;;;;;;;;;;;;;;;;;;;;;;;;;;;;;;;;;;;;;;;;;
;;;;;;;;;;;;;;;;;;;;;;;;;;;;;;;;;;;;;;;;;;;;;;
;;;;;;;;;;;;;;;;;;;;;;;;;;;;;;;;;;;;;;;;;;;;;;
;;;;;;;;;;;;;;;;;;;;;;;;;;;;;;;;;;;;;;;;;;;;;;
;;;;;;;;;;;;;;;;;;;;;;;;;;;;;;;;;;;;;;;;;;;;;;
;;;;;;;;;;;;;;;;;;;;;;;;;;;;;;;;;;;;;;;;;;;;;;
;;;;;;;;;;;;;;;;;;;;;;;;;;;;;;;;;;;;;;;;;;;;;;
;;;;;;;;;;;;;;;;;;;;;;;;;;;;;;;;;;;;;;;;;;;;;;
;;;;;;;;;;;;;;;;;;;;;;;;;;;;;;;;;;;;;;;;;;;;;;
;;;;;;;;;;;;;;;;;;;;;;;;;;;;;;;;;;;;;;;;;;;;;;
;;;;;;;;;;;;;;;;;;;;;;;;;;;;;;;;;;;;;;;;;;;;;;
;;;;;;;;;;;;;;;;;;;;;;;;;;;;;;;;;;;;;;;;;;;;;;
;;;;;;;;;;;;;;;;;;;;;;;;;;;;;;;;;;;;;;;;;;;;;;
;;;;;;;;;;;;;;;;;;;;;;;;;;;;;;;;;;;;;;;;;;;;;;
;;;;;;;;;;;;;;;;;;;;;;;;;;;;;;;;;;;;;;;;;;;;;;
;;;;;;;;;;;;;;;;;;;;;;;;;;;;;;;;;;;;;;;;;;;;;;
;;;;;;;;;;;;;;;;;;;;;;;;;;;;;;;;;;;;;;;;;;;;;;
;;;;;;;;;;;;;;;;;;;;;;;;;;;;;;;;;;;;;;;;;;;;;;
;;;;;;;;;;;;;;;;;;;;;;;;;;;;;;;;;;;;;;;;;;;;;;
;;;;;;;;;;;;;;;;;;;;;;;;;;;;;;;;;;;;;;;;;;;;;;
;;;;;;;;;;;;;;;;;;;;;;;;;;;;;;;;;;;;;;;;;;;;;;
;;;;;;;;;;;;;;;;;;;;;;;;;;;;;;;;;;;;;;;;;;;;;;
;;;;;;;;;;;;;;;;;;;;;;;;;;;;;;;;;;;;;;;;;;;;;;
;;;;;;;;;;;;;;;;;;;;;;;;;;;;;;;;;;;;;;;;;;;;;;
;;;;;;;;;;;;;;;;;;;;;;;;;;;;;;;;;;;;;;;;;;;;;;
;;;;;;;;;;;;;;;;;;;;;;;;;;;;;;;;;;;;;;;;;;;;;;
;;;;;;;;;;;;;;;;;;;;;;;;;;;;;;;;;;;;;;;;;;;;;;
;;;;;;;;;;;;;;;;;;;;;;;;;;;;;;;;;;;;;;;;;;;;;;
;;;;;;;;;;;;;;;;;;;;;;;;;;;;;;;;;;;;;;;;;;;;;;
;;;;;;;;;;;;;;;;;;;;;;;;;;;;;;;;;;;;;;;;;;;;;;
;;;;;;;;;;;;;;;;;;;;;;;;;;;;;;;;;;;;;;;;;;;;;;
;;;;;;;;;;;;;;;;;;;;;;;;;;;;;;;;;;;;;;;;;;;;;;
;;;;;;;;;;;;;;;;;;;;;;;;;;;;;;;;;;;;;;;;;;;;;;
;;;;;;;;;;;;;;;;;;;;;;;;;;;;;;;;;;;;;;;;;;;;;;
;;;;;;;;;;;;;;;;;;;;;;;;;;;;;;;;;;;;;;;;;;;;;;
;;;;;;;;;;;;;;;;;;;;;;;;;;;;;;;;;;;;;;;;;;;;;;
;;;;;;;;;;;;;;;;;;;;;;;;;;;;;;;;;;;;;;;;;;;;;;
;;;;;;;;;;;;;;;;;;;;;;;;;;;;;;;;;;;;;;;;;;;;;;
;;;;;;;;;;;;;;;;;;;;;;;;;;;;;;;;;;;;;;;;;;;;;;
;;;;;;;;;;;;;;;;;;;;;;;;;;;;;;;;;;;;;;;;;;;;;;
;;;;;;;;;;;;;;;;;;;;;;;;;;;;;;;;;;;;;;;;;;;;;;
;;;;;;;;;;;;;;;;;;;;;;;;;;;;;;;;;;;;;;;;;;;;;;
;;;;;;;;;;;;;;;;;;;;;;;;;;;;;;;;;;;;;;;;;;;;;;
;;;;;;;;;;;;;;;;;;;;;;;;;;;;;;;;;;;;;;;;;;;;;;
;;;;;;;;;;;;;;;;;;;;;;;;;;;;;;;;;;;;;;;;;;;;;;
;;;;;;;;;;;;;;;;;;;;;;;;;;;;;;;;;;;;;;;;;;;;;;
;;;;;;;;;;;;;;;;;;;;;;;;;;;;;;;;;;;;;;;;;;;;;;
;;;;;;;;;;;;;;;;;;;;;;;;;;;;;;;;;;;;;;;;;;;;;;
;;;;;;;;;;;;;;;;;;;;;;;;;;;;;;;;;;;;;;;;;;;;;;
;;;;;;;;;;;;;;;;;;;;;;;;;;;;;;;;;;;;;;;;;;;;;;
;;;;;;;;;;;;;;;;;;;;;;;;;;;;;;;;;;;;;;;;;;;;;;
;;;;;;;;;;;;;;;;;;;;;;;;;;;;;;;;;;;;;;;;;;;;;;
;;;;;;;;;;;;;;;;;;;;;;;;;;;;;;;;;;;;;;;;;;;;;;
;;;;;;;;;;;;;;;;;;;;;;;;;;;;;;;;;;;;;;;;;;;;;;
;;;;;;;;;;;;;;;;;;;;;;;;;;;;;;;;;;;;;;;;;;;;;;
;;;;;;;;;;;;;;;;;;;;;;;;;;;;;;;;;;;;;;;;;;;;;;
;;;;;;;;;;;;;;;;;;;;;;;;;;;;;;;;;;;;;;;;;;;;;;
;;;;;;;;;;;;;;;;;;;;;;;;;;;;;;;;;;;;;;;;;;;;;;
;;;;;;;;;;;;;;;;;;;;;;;;;;;;;;;;;;;;;;;;;;;;;;
;;;;;;;;;;;;;;;;;;;;;;;;;;;;;;;;;;;;;;;;;;;;;;
;;;;;;;;;;;;;;;;;;;;;;;;;;;;;;;;;;;;;;;;;;;;;;
;;;;;;;;;;;;;;;;;;;;;;;;;;;;;;;;;;;;;;;;;;;;;;
;;;;;;;;;;;;;;;;;;;;;;;;;;;;;;;;;;;;;;;;;;;;;;
;;;;;;;;;;;;;;;;;;;;;;;;;;;;;;;;;;;;;;;;;;;;;;
;;;;;;;;;;;;;;;;;;;;;;;;;;;;;;;;;;;;;;;;;;;;;;
;;;;;;;;;;;;;;;;;;;;;;;;;;;;;;;;;;;;;;;;;;;;;;
;;;;;;;;;;;;;;;;;;;;;;;;;;;;;;;;;;;;;;;;;;;;;;
;;;;;;;;;;;;;;;;;;;;;;;;;;;;;;;;;;;;;;;;;;;;;;
;;;;;;;;;;;;;;;;;;;;;;;;;;;;;;;;;;;;;;;;;;;;;;
;;;;;;;;;;;;;;;;;;;;;;;;;;;;;;;;;;;;;;;;;;;;;;
;;;;;;;;;;;;;;;;;;;;;;;;;;;;;;;;;;;;;;;;;;;;;;
;;;;;;;;;;;;;;;;;;;;;;;;;;;;;;;;;;;;;;;;;;;;;;
;;;;;;;;;;;;;;;;;;;;;;;;;;;;;;;;;;;;;;;;;;;;;;
;;;;;;;;;;;;;;;;;;;;;;;;;;;;;;;;;;;;;;;;;;;;;;
;;;;;;;;;;;;;;;;;;;;;;;;;;;;;;;;;;;;;;;;;;;;;;
;;;;;;;;;;;;;;;;;;;;;;;;;;;;;;;;;;;;;;;;;;;;;;
;;;;;;;;;;;;;;;;;;;;;;;;;;;;;;;;;;;;;;;;;;;;;;
;;;;;;;;;;;;;;;;;;;;;;;;;;;;;;;;;;;;;;;;;;;;;;
;;;;;;;;;;;;;;;;;;;;;;;;;;;;;;;;;;;;;;;;;;;;;;
;;;;;;;;;;;;;;;;;;;;;;;;;;;;;;;;;;;;;;;;;;;;;;
;;;;;;;;;;;;;;;;;;;;;;;;;;;;;;;;;;;;;;;;;;;;;;
;;;;;;;;;;;;;;;;;;;;;;;;;;;;;;;;;;;;;;;;;;;;;;
;;;;;;;;;;;;;;;;;;;;;;;;;;;;;;;;;;;;;;;;;;;;;;
;;;;;;;;;;;;;;;;;;;;;;;;;;;;;;;;;;;;;;;;;;;;;;
;;;;;;;;;;;;;;;;;;;;;;;;;;;;;;;;;;;;;;;;;;;;;;
;;;;;;;;;;;;;;;;;;;;;;;;;;;;;;;;;;;;;;;;;;;;;;
;;;;;;;;;;;;;;;;;;;;;;;;;;;;;;;;;;;;;;;;;;;;;;
;;;;;;;;;;;;;;;;;;;;;;;;;;;;;;;;;;;;;;;;;;;;;;
;;;;;;;;;;;;;;;;;;;;;;;;;;;;;;;;;;;;;;;;;;;;;;
;;;;;;;;;;;;;;;;;;;;;;;;;;;;;;;;;;;;;;;;;;;;;;
;;;;;;;;;;;;;;;;;;;;;;;;;;;;;;;;;;;;;;;;;;;;;;
;;;;;;;;;;;;;;;;;;;;;;;;;;;;;;;;;;;;;;;;;;;;;;
;;;;;;;;;;;;;;;;;;;;;;;;;;;;;;;;;;;;;;;;;;;;;;
;;;;;;;;;;;;;;;;;;;;;;;;;;;;;;;;;;;;;;;;;;;;;;
;;;;;;;;;;;;;;;;;;;;;;;;;;;;;;;;;;;;;;;;;;;;;;
;;;;;;;;;;;;;;;;;;;;;;;;;;;;;;;;;;;;;;;;;;;;;;
;;;;;;;;;;;;;;;;;;;;;;;;;;;;;;;;;;;;;;;;;;;;;;
;;;;;;;;;;;;;;;;;;;;;;;;;;;;;;;;;;;;;;;;;;;;;;
;;;;;;;;;;;;;;;;;;;;;;;;;;;;;;;;;;;;;;;;;;;;;;
;;;;;;;;;;;;;;;;;;;;;;;;;;;;;;;;;;;;;;;;;;;;;;
;;;;;;;;;;;;;;;;;;;;;;;;;;;;;;;;;;;;;;;;;;;;;;
;;;;;;;;;;;;;;;;;;;;;;;;;;;;;;;;;;;;;;;;;;;;;;
;;;;;;;;;;;;;;;;;;;;;;;;;;;;;;;;;;;;;;;;;;;;;;
;;;;;;;;;;;;;;;;;;;;;;;;;;;;;;;;;;;;;;;;;;;;;;
;;;;;;;;;;;;;;;;;;;;;;;;;;;;;;;;;;;;;;;;;;;;;;
;;;;;;;;;;;;;;;;;;;;;;;;;;;;;;;;;;;;;;;;;;;;;;
;;;;;;;;;;;;;;;;;;;;;;;;;;;;;;;;;;;;;;;;;;;;;;
;;;;;;;;;;;;;;;;;;;;;;;;;;;;;;;;;;;;;;;;;;;;;;
;;;;;;;;;;;;;;;;;;;;;;;;;;;;;;;;;;;;;;;;;;;;;;
;;;;;;;;;;;;;;;;;;;;;;;;;;;;;;;;;;;;;;;;;;;;;;
;;;;;;;;;;;;;;;;;;;;;;;;;;;;;;;;;;;;;;;;;;;;;;
;;;;;;;;;;;;;;;;;;;;;;;;;;;;;;;;;;;;;;;;;;;;;;
;;;;;;;;;;;;;;;;;;;;;;;;;;;;;;;;;;;;;;;;;;;;;;
;;;;;;;;;;;;;;;;;;;;;;;;;;;;;;;;;;;;;;;;;;;;;;
;;;;;;;;;;;;;;;;;;;;;;;;;;;;;;;;;;;;;;;;;;;;;;
;;;;;;;;;;;;;;;;;;;;;;;;;;;;;;;;;;;;;;;;;;;;;;
;;;;;;;;;;;;;;;;;;;;;;;;;;;;;;;;;;;;;;;;;;;;;;
;;;;;;;;;;;;;;;;;;;;;;;;;;;;;;;;;;;;;;;;;;;;;;
;;;;;;;;;;;;;;;;;;;;;;;;;;;;;;;;;;;;;;;;;;;;;;
;;;;;;;;;;;;;;;;;;;;;;;;;;;;;;;;;;;;;;;;;;;;;;
;;;;;;;;;;;;;;;;;;;;;;;;;;;;;;;;;;;;;;;;;;;;;;
;;;;;;;;;;;;;;;;;;;;;;;;;;;;;;;;;;;;;;;;;;;;;;
;;;;;;;;;;;;;;;;;;;;;;;;;;;;;;;;;;;;;;;;;;;;;;
;;;;;;;;;;;;;;;;;;;;;;;;;;;;;;;;;;;;;;;;;;;;;;
;;;;;;;;;;;;;;;;;;;;;;;;;;;;;;;;;;;;;;;;;;;;;;
;;;;;;;;;;;;;;;;;;;;;;;;;;;;;;;;;;;;;;;;;;;;;;
;;;;;;;;;;;;;;;;;;;;;;;;;;;;;;;;;;;;;;;;;;;;;;
;;;;;;;;;;;;;;;;;;;;;;;;;;;;;;;;;;;;;;;;;;;;;;
