BODY;NAME;PUN;NAMETYPE;TYPE;TYPECODE;NAMEDETAIL;NAMEORIGIN;WORK;COUNTRY;NATIONALTY;CENTURYN;CENTURYC;BIRTHDATE;DEATHDATE;FACTS;LONGIN;LONGIC;LATIN;LATIC;LENGTHKM;WIDEKM;Target;Feature_ID;Feature_Name;Clean_Feature_Name;Feature_Type;Feature_Type_Code;Diameter;Center_Latitude;Center_Longitude;Northern_Latitude;Southern_Latitude;Eastern_Longitude;Western_Longitude;Coordinate_System;Quad;Origin;Continent;Ethnicity;Approval_Status;Approval_Date;Reference;Last_Updated;Additional_Info
Ganymede;[DENDERA FACULA];GAFA0N10300;Named formation;Bright spot;FA;DENDERA FACULA;Approuved by IAU in 1985;Non appliable;Egypt;Egyptian;Not appliable;Not appliable;Not appliable;Not appliable;Town where Hathor was chief goddess. Name changed to Dendera.;103,00;103°0';0,00;0°0' North;114,00;???;Ganymede;6815;[Dendera Facula];Dendera Facula;Facula, faculae;FA;114,00;0,00;103,00;0,00;0,00;104.3;101.6;Planetographic  +East  0 - 360;;Town where Hathor was chief goddess. Name changed to Dendera.;Africa;Egypt;Dropped;1985;1;03/01/2007;
Ganymede;[KERET];GAAA1600N32480;Named formation;Crater;AA;KERET;Approuved by IAU in 1979;Hero;Phoenicia;Phoenician;Not appliable;Not appliable;Not appliable;Not appliable;Phoenician hero. Name dropped because feature not found on imagery.;324,80;324°48';16,00;16°0' North;36,00;36,00;Ganymede;6855;[Keret];Keret;Crater, craters;AA;36,00;16,00;324.8;16,00;16,00;325.2;324.4;Planetographic  +East  0 - 360;;Phoenician hero. Name dropped because feature not found on imagery.;Asia;Phoenician;Dropped;1979;1;03/01/2007;
Ganymede;[KHNUM];GAAA1780S27480;Named formation;Crater;AA;KHNUM;Approuved by IAU in ???;God;Egypt;Egyptian;Not appliable;Not appliable;Not appliable;Not appliable;Egyptian ram-headed creation god. ;274,80;274°48';-17,80;17°48' South;45,00;45,00;Ganymede;6856;[Khnum];Khnum;Crater, craters;AA;45,00;-17.8;274.8;;;;;Planetographic  +East  0 - 360;;Egyptian ram-headed creation god. ;Africa;Egypt;Not Approved;???;1;3/27/07;Provisional name Khnum changed to Nah-Hunte because of duplication with Khnum Catena.
Ganymede;[PUNT FACULA];GAFA2610S11780;Named formation;Bright spot;FA;PUNT FACULA;Approuved by IAU in 1985;Non appliable;Egypt;Egyptian;Not appliable;Not appliable;Not appliable;Not appliable;Land east of Egypt where Bes originated. Changed to Punt (crater).;117,80;117°48';-26,10;26°6' South;228,00;???;Ganymede;6888;[Punt Facula];Punt Facula;Facula, faculae;FA;228,00;-26.1;117.8;-25.8;-26.4;120.6;115,00;Planetographic  +East  0 - 360;;Land east of Egypt where Bes originated. Changed to Punt (crater).;Africa;Egypt;Dropped;1985;1;03/01/2007;
Ganymede;[SAIS FACULA];GAFA3790N34580;Named formation;Bright spot;FA;SAIS FACULA;Approuved by IAU in 1988;Non appliable;Egypt;Egyptian;Not appliable;Not appliable;Not appliable;Not appliable;Capital of Egypt in mid-7th century B.C.;345,80;345°48';37,90;37°54' North;137,00;???;Ganymede;6900;[Sais Facula];Sais Facula;Facula, faculae;FA;137,00;37.9;345.8;38.1;37.8;347.4;344.1;Planetographic  +East  0 - 360;;Capital of Egypt in mid-7th century B.C.;Africa;Egypt;Dropped;1988;1;03/01/2007;
Ganymede;[WADJET];GAAA5380S9110;Named formation;Crater;AA;WADJET;Approuved by IAU in 2000;Goddess;Egypt;Egyptian;Not appliable;Not appliable;Not appliable;Not appliable;Egyptian cobra goddess. Same crater as Nut.;91,10;91°6';-53,80;53°48' South;100,00;100,00;Ganymede;6928;[Wadjet];Wadjet;Crater, craters;AA;100,00;-53.8;91.1;;;;;Planetographic  +East  0 - 360;;Egyptian cobra goddess. Same crater as Nut.;Africa;Egypt;Dropped;2000;127;04/09/2009;
Ganymede;ABYDOS FACULA;GAFA3340N20660;Named formation;Bright spot;FA;ABYDOS FACULA;Approuved by IAU in 1985;Non appliable;Egypt;Egyptian;Not appliable;Not appliable;Not appliable;Not appliable;Egyptian town where Osiris was worshipped.;206,60;206°36';33,40;33°24' North;180,00;???;Ganymede;26;Abydos Facula;Abydos Facula;Facula, faculae;FA;180,00;33.4;206.6;34.8;31.6;208.6;204.2;Planetographic  +East  0 - 360;;Egyptian town where Osiris was worshipped.;Africa;Egypt;Approved;1985;1;10/01/2006;
Ganymede;ACHELOUS;GAAA6180N34830;Named formation;Crater;AA;ACHELOUS;Approuved by IAU in 1979;God;Greece;Greek;Not appliable;Not appliable;Not appliable;Not appliable;Greek river god / father of Callirrhoe, Ganymede's mother.;348,30;348°18';61,80;61°48' North;40,00;40,00;Ganymede;33;Achelous;Achelous;Crater, craters;AA;40,00;61.8;348.3;62.3;61.4;349.1;347.4;Planetographic  +East  0 - 360;;"Greek river god; father of Callirrhoe, Ganymede's mother.";Europe;Greek;Approved;1979;19;10/01/2006;
Ganymede;ADAD;GAAA5750N190;Named formation;Crater;AA;ADAD;Approuved by IAU in 1979;God;Assyria & Babylon;Assyro-Babylonian;Not appliable;Not appliable;Not appliable;Not appliable;Assyro-Babylonian god of thunder.;1,90;1°54';57,50;57°30' North;39,00;39,00;Ganymede;42;Adad;Adad;Crater, craters;AA;39,00;57.5;1.9;57.8;57,00;2.3;1.4;Planetographic  +East  0 - 360;;Assyro-Babylonian god of thunder.;Asia;Assyro-Babylonian;Approved;1979;1;10/01/2006;
Ganymede;ADAPA;GAAA7310N32870;Named formation;Crater;AA;ADAPA;Approuved by IAU in 1979;God;Assyria & Babylon;Assyro-Babylonian;Not appliable;Not appliable;Not appliable;Not appliable;Assyro-Babylonian / lost immortality when, at Ea's advice, he refused food of life.;328,70;328°42';73,10;73°6' North;56,00;56,00;Ganymede;49;Adapa;Adapa;Crater, craters;AA;56,00;73.1;328.7;73.7;72.5;330.7;326.6;Planetographic  +East  0 - 360;;"Assyro-Babylonian; lost immortality when, at Ea's advice, he refused food of life.";Asia;Assyro-Babylonian;Approved;1979;1;10/01/2006;
Ganymede;AGREUS;GAAA1590N12730;Named formation;Crater;AA;AGREUS;Approuved by IAU in 1985;God;Phoenicia;Phoenician;Not appliable;Not appliable;Not appliable;Not appliable;Hunter god in Tyre.;127,30;127°18';15,90;15°54' North;63,00;63,00;Ganymede;91;Agreus;Agreus;Crater, craters;AA;63,00;15.9;127.3;16.5;15.1;127.9;126.5;Planetographic  +East  0 - 360;;Hunter god in Tyre.;Asia;Phoenician;Approved;1985;27;10/01/2006;
Ganymede;AGROTES;GAAA6090N16750;Named formation;Crater;AA;AGROTES;Approuved by IAU in 1985;God;Phoenicia;Phoenician;Not appliable;Not appliable;Not appliable;Not appliable;Tyre / greatest god of Gebal / farmer god.;167,50;167°30';60,90;60°54' North;74,00;74,00;Ganymede;94;Agrotes;Agrotes;Crater, craters;AA;74,00;60.9;167.5;61.6;60.2;169.2;165.4;Planetographic  +East  0 - 360;;"Tyre; greatest god of Gebal; farmer god.";Asia;Phoenician;Approved;1985;27;10/01/2006;
Ganymede;AKHMIN FACULA;GAFA2770N17050;Named formation;Bright spot;FA;AKHMIN FACULA;Approuved by IAU in 1997;Non appliable;Egypt;Egyptian;Not appliable;Not appliable;Not appliable;Not appliable;Egyptian town where Min was worshipped.;170,50;170°30';27,70;27°42' North;245,00;???;Ganymede;129;Akhmin Facula;Akhmin Facula;Facula, faculae;FA;245,00;27.7;170.5;30.3;25.6;173.3;167.4;Planetographic  +East  0 - 360;;Egyptian town where Min was worshipped.;Africa;Egypt;Approved;1997;1;10/01/2006;
Ganymede;AKITU SULCUS;GASU3890N16570;Named formation;Subparallel furrows and ridges;SU;AKITU SULCUS;Approuved by IAU in 1997;Non appliable;Assyria & Babylon;Assyro-Babylonian;Not appliable;Not appliable;Not appliable;Not appliable;Where Marduk's statue was carried each year.;165,70;165°42';38,90;38°54' North;365,00;???;Ganymede;134;Akitu Sulcus;Akitu Sulcus;Sulcus, sulci;SU;365,00;38.9;165.7;39.2;39,00;170.4;160.1;Planetographic  +East  0 - 360;;Where Marduk's statue was carried each year.;Asia;Assyro-Babylonian;Approved;1997;1;10/01/2006;
Ganymede;ALEYIN;GAAA1510N22590;Named formation;Crater;AA;ALEYIN;Approuved by IAU in 1997;God;Phoenicia;Phoenician;Not appliable;Not appliable;Not appliable;Not appliable;Son of Ba'al, spirit of springs.;225,90;225°54';15,10;15°6' North;12.4;12.4;Ganymede;179;Aleyin;Aleyin;Crater, craters;AA;12.4;15.1;225.9;15.3;15,00;226.1;225.8;Planetographic  +East  0 - 360;;Son of Ba'al, spirit of springs.;Asia;Phoenician;Approved;1997;1;10/01/2006;
Ganymede;AMMURA;GAAA3170N1760;Named formation;Crater;AA;AMMURA;Approuved by IAU in 1979;God;Phoenicia;Phoenician;Not appliable;Not appliable;Not appliable;Not appliable;Phoenician / god of the west.;17,60;17°36';31,70;31°42' North;61.5;61.5;Ganymede;237;Ammura;Ammura;Crater, craters;AA;61.5;31.7;17.6;32.4;31.1;18.4;16.9;Planetographic  +East  0 - 360;;"Phoenician; god of the west.";Asia;Phoenician;Approved;1979;1;10/01/2006;
Ganymede;AMON;GAAA3370N13930;Named formation;Crater;AA;AMON;Approuved by IAU in 1985;God;Assyria & Babylon;Assyro-Babylonian;Not appliable;Not appliable;Not appliable;Not appliable;Theban king of gods.;139,30;139°18';33,70;33°42' North;101.8;101.8;Ganymede;238;Amon;Amon;Crater, craters;AA;101.8;33.7;139.3;34.8;32.5;140.6;138,00;Planetographic  +East  0 - 360;;Theban king of gods.;Asia;Assyro-Babylonian;Approved;1985;1;10/01/2006;
Ganymede;AMSET;GAAA1440S18120;Named formation;Crater;AA;AMSET;Approuved by IAU in 1997;God;Egypt;Egyptian;Not appliable;Not appliable;Not appliable;Not appliable;One of the four gods of the dead, son of Horus.;181,20;181°12';-14,40;14°24' South;10.9;10.9;Ganymede;245;Amset;Amset;Crater, craters;AA;10.9;-14.4;181.2;-14.3;-14.6;181.4;181.1;Planetographic  +East  0 - 360;;One of the four gods of the dead, son of Horus.;Africa;Egypt;Approved;1997;83;10/01/2006;
Ganymede;ANAT;GAAA410S23210;Named formation;Crater;AA;ANAT;Approuved by IAU in 1985;Goddess;Assyria & Babylon;Assyro-Babylonian;Not appliable;Not appliable;Not appliable;Not appliable;Assyro-Babylonian goddess of dew.;232,10;232°6';-4,10;4°6' South;2.9;2.9;Ganymede;251;Anat;Anat;Crater, craters;AA;2.9;-4.1;232.1;;;;;Planetographic  +East  0 - 360;;Assyro-Babylonian goddess of dew.;Asia;Assyro-Babylonian;Approved;1985;1;01/04/2008;Defines 128 degrees longitude on Ganymede.
Ganymede;ANDJETI;GAAA5280S19890;Named formation;Crater;AA;ANDJETI;Approuved by IAU in 1985;God;Egypt;Egyptian;Not appliable;Not appliable;Not appliable;Not appliable;Egyptian / first god of Busirus.;198,90;198°54';-52,80;52°48' South;52.5;52.5;Ganymede;262;Andjeti;Andjeti;Crater, craters;AA;52.5;-52.8;198.9;-52.2;-53.3;199.8;198,00;Planetographic  +East  0 - 360;;"Egyptian; first god of Busirus.";Africa;Egypt;Approved;1985;1;10/01/2006;
Ganymede;ANHUR;GAAA3260N16770;Named formation;Crater;AA;ANHUR;Approuved by IAU in 1997;God;Egypt;Egyptian;Not appliable;Not appliable;Not appliable;Not appliable;Egyptian warrior god.;167,70;167°42';32,60;32°36' North;25,00;25,00;Ganymede;276;Anhur;Anhur;Crater, craters;AA;25,00;32.6;167.7;32.9;32.4;168,00;167.4;Planetographic  +East  0 - 360;;Egyptian warrior god.;Africa;Egypt;Approved;1997;1;10/01/2006;
Ganymede;ANSHAR SULCUS;GASU1800N16210;Named formation;Subparallel furrows and ridges;SU;ANSHAR SULCUS;Approuved by IAU in 1979;Non appliable;Assyria & Babylon;Assyro-Babylonian;Not appliable;Not appliable;Not appliable;Not appliable;Assyro-Babylonian / celestial-world home of Lakhmu and Lakhamu.;162,10;162°6';18,00;18°0' North;1 372,00;???;Ganymede;290;Anshar Sulcus;Anshar Sulcus;Sulcus, sulci;SU;1 372,00;18,00;162.1;28.6;9.1;174.3;148.9;Planetographic  +East  0 - 360;;"Assyro-Babylonian; celestial-world home of Lakhmu and Lakhamu.";Asia;Assyro-Babylonian;Approved;1979;1;10/01/2006;
Ganymede;ANTUM;GAAA510N14110;Named formation;Crater;AA;ANTUM;Approuved by IAU in 1985;God;Babylon;Babylonian;Not appliable;Not appliable;Not appliable;Not appliable;Babylonian / wife of Anu.;141,10;141°6';5,10;5°6' North;14.7;14.7;Ganymede;301;Antum;Antum;Crater, craters;AA;14.7;5.1;141.1;5.3;4.9;141.2;140.9;Planetographic  +East  0 - 360;;"Babylonian; wife of Anu.";Asia;Babylon;Approved;1985;27;10/01/2006;
Ganymede;ANU;GAAA6520N1570;Named formation;Crater;AA;ANU;Approuved by IAU in 1979;God;Sumer;Sumerian;Not appliable;Not appliable;Not appliable;Not appliable;Sumerian-Akkadian god of power, of heavens.;15,70;15°42';65,20;65°12' North;55,00;55,00;Ganymede;302;Anu;Anu;Crater, craters;AA;55,00;65.2;15.7;65.8;64.7;17.1;14.3;Planetographic  +East  0 - 360;;Sumerian-Akkadian god of power, of heavens.;Asia;Sumerian;Approved;1979;1;10/01/2006;
Ganymede;ANUBIS;GAAA8420S23110;Named formation;Crater;AA;ANUBIS;Approuved by IAU in 1988;God;Egypt;Egyptian;Not appliable;Not appliable;Not appliable;Not appliable;Egyptian jackal-headed god who opened the underworld to the dead.;231,10;231°6';-84,20;84°12' South;113.8;113.8;Ganymede;303;Anubis;Anubis;Crater, craters;AA;113.8;-84.2;231.1;-83.2;-85.5;243.8;219.1;Planetographic  +East  0 - 360;;Egyptian jackal-headed god who opened the underworld to the dead.;Africa;Egypt;Approved;1988;1;10/01/2006;
Ganymede;ANZU;GAAA6350N29750;Named formation;Crater;AA;ANZU;Approuved by IAU in 2000;God;Sumer;Sumerian;Not appliable;Not appliable;Not appliable;Not appliable;Gigantic lion-headed bird-like figure, the Sumerian Thunderbird.;297,50;297°30';63,50;63°30' North;205,00;205,00;Ganymede;309;Anzu;Anzu;Crater, craters;AA;205,00;63.5;297.5;65.9;61.2;302.3;292.7;Planetographic  +East  0 - 360;;Gigantic lion-headed bird-like figure, the Sumerian Thunderbird.;Asia;Sumerian;Approved;2000;157;10/01/2006;
Ganymede;APOPHIS;GAAA800S8400;Named formation;Crater;AA;APOPHIS;Approuved by IAU in 2000;God;Egypt;Egyptian;Not appliable;Not appliable;Not appliable;Not appliable;Egyptian gigantic serpent symbolizing chaos or nonexistence.;84,00;84°0';-8,00;8°0' South;65,00;65,00;Ganymede;329;Apophis;Apophis;Crater, craters;AA;65,00;-8,00;84,00;-7.3;-8.7;84.7;83.3;Planetographic  +East  0 - 360;;Egyptian gigantic serpent symbolizing chaos or nonexistence.;Africa;Egypt;Approved;2000;157;10/01/2006;
Ganymede;APSU SULCI;GASU3940S12530;Named formation;Subparallel furrows and ridges;SU;APSU SULCI;Approuved by IAU in 1979;God;Sumer;Sumerian;Not appliable;Not appliable;Not appliable;Not appliable;Sumero-Akkadian / primordial ocean.;125,30;125°18';-39,40;39°24' South;1 950,00;???;Ganymede;331;Apsu Sulci;Apsu Sulci;Sulcus, sulci;SU;1 950,00;-39.4;125.3;-30.5;-44.8;157.6;102.7;Planetographic  +East  0 - 360;;"Sumero-Akkadian; primordial ocean.";Asia;Sumerian;Approved;1979;1;10/01/2006;
Ganymede;AQUARIUS SULCUS;GASU5240N35610;Named formation;Subparallel furrows and ridges;SU;AQUARIUS SULCUS;Approuved by IAU in 1979;God;Greece;Greek;Not appliable;Not appliable;Not appliable;Not appliable;Greek / Zeus set Ganymede among the stars as the constellation of Aquarius, the water carrier.;356,10;356°6';52,40;52°24' North;1 420,00;???;Ganymede;334;Aquarius Sulcus;Aquarius Sulcus;Sulcus, sulci;SU;1 420,00;52.4;356.1;57.5;42.2;335.7;21.3;Planetographic  +East  0 - 360;;"Greek; Zeus set Ganymede among the stars as the constellation of Aquarius, the water carrier.";Europe;Greek;Approved;1979;19;10/01/2006;
Ganymede;ARBELA SULCUS;GASU2110S1020;Named formation;Subparallel furrows and ridges;SU;ARBELA SULCUS;Approuved by IAU in 1985;Non appliable;Assyria & Babylon;Assyro-Babylonian;Not appliable;Not appliable;Not appliable;Not appliable;Assyrian town where Ishtar was worshipped.;10,20;10°12';-21,10;21°6' South;1 940,00;???;Ganymede;345;Arbela Sulcus;Arbela Sulcus;Sulcus, sulci;SU;1 940,00;-21.1;10.2;-7.4;-35.5;26.7;360,00;Planetographic  +East  0 - 360;;Assyrian town where Ishtar was worshipped.;Asia;Assyro-Babylonian;Approved;1985;1;10/01/2006;
Ganymede;ASHÃ®MA;GAAA3910S23700;Named formation;Crater;AA;ASHIMA;Approuved by IAU in 1985;God;Aramea;Semitic;Not appliable;Not appliable;Not appliable;Not appliable;Semitic-Arab god of fate.;237,00;237°0';-39,10;39°6' South;84.2;84.2;Ganymede;426;AshÃ®ma;Ashima;Crater, craters;AA;84.2;-39.1;237,00;-38.2;-40,00;238.2;235.8;Planetographic  +East  0 - 360;;Semitic-Arab god of fate.;Asia;Semitic;Approved;1985;27;11/17/08;
Ganymede;ASSHUR;GAAA5420N2650;Named formation;Crater;AA;ASSHUR;Approuved by IAU in 1979;God;Assyria & Babylon;Assyro-Babylonian;Not appliable;Not appliable;Not appliable;Not appliable;Assyro-Babylonian warrior god.;26,50;26°30';54,20;54°12' North;25.6;25.6;Ganymede;435;Asshur;Asshur;Crater, craters;AA;25.6;54.2;26.5;54.5;53.9;27,00;26,00;Planetographic  +East  0 - 360;;Assyro-Babylonian warrior god.;Asia;Assyro-Babylonian;Approved;1979;1;10/01/2006;
Ganymede;ATRA-HASIS;GAAA2250N10580;Named formation;Crater;AA;ATRA HASIS;Approuved by IAU in 2000;Hero;Accadia;Akkadian (Accadian);Not appliable;Not appliable;Not appliable;Not appliable;Exceedingly wise' hero of Akkadian myth, survived the great flood.;105,80;105°48';22,50;22°30' North;125,00;125,00;Ganymede;459;Atra-hasis;Atra hasis;Crater, craters;AA;125,00;22.5;105.8;23.9;21.1;107.3;104.3;Planetographic  +East  0 - 360;;Exceedingly wise' hero of Akkadian myth, survived the great flood.;Asia;Akkadian (Accadian);Approved;2000;157;10/01/2006;
Ganymede;AYA;GAAA6830N3780;Named formation;Crater;AA;AYA;Approuved by IAU in 1979;God;Assyria & Babylon;Assyro-Babylonian;Not appliable;Not appliable;Not appliable;Not appliable;Assyro-Babylonian / wife of Shamash.;37,80;37°48';68,30;68°18' North;38,00;38,00;Ganymede;516;Aya;Aya;Crater, craters;AA;38,00;68.3;37.8;68.7;67.9;39,00;36.7;Planetographic  +East  0 - 360;;"Assyro-Babylonian; wife of Shamash.";Asia;Assyro-Babylonian;Approved;1979;1;10/01/2006;
Ganymede;BA'AL;GAAA2490N3010;Named formation;Crater;AA;BA AL;Approuved by IAU in 1979;God;Phoenicia;Phoenician;Not appliable;Not appliable;Not appliable;Not appliable;Phoenician / Canaanite god.;30,10;30°6';24,90;24°54' North;43.2;43.2;Ganymede;649;Ba'al;Ba al;Crater, craters;AA;43.2;24.9;30.1;25.4;24.5;30.6;29.5;Planetographic  +East  0 - 360;;"Phoenician; Canaanite god.";Asia;Phoenician;Approved;1979;1;10/01/2006;
Ganymede;BARNARD REGIO;GARE1070S34100;Named formation;Broad geographic region;RE;BARNARD REGIO;Approuved by IAU in 1979;Astronomer;USA;American;19;19th century;1857;1923;Edward E. / American astronomer (1857-1923).;341,00;341°0';-10,70;10°42' South;3 200,00;???;Ganymede;610;Barnard Regio;Barnard Regio;Regio, regiones;RE;3 200,00;-10.7;341,00;12,00;-28,00;309.3;11.6;Planetographic  +East  0 - 360;;"Edward E.; American astronomer (1857-1923).";North America;American;Approved;1979;68;10/01/2006;
Ganymede;BAU;GAAA2300N31130;Named formation;Crater;AA;BAU;Approuved by IAU in 1988;Goddess;Assyria & Babylon;Assyro-Babylonian;Not appliable;Not appliable;Not appliable;Not appliable;Goddess who breathed into men the breath of life / daughter of Anu and patroness of Lagash.;311,30;311°18';23,00;23°0' North;80.2;80.2;Ganymede;641;Bau;Bau;Crater, craters;AA;80.2;23,00;311.3;23.9;22.2;312.2;310.3;Planetographic  +East  0 - 360;;"Goddess who breathed into men the breath of life; daughter of Anu and patroness of Lagash.";Asia;Assyro-Babylonian;Approved;1988;1;10/01/2006;
Ganymede;BES;GAAA2550S17910;Named formation;Crater;AA;BES;Approuved by IAU in 1985;God;Egypt;Egyptian;Not appliable;Not appliable;Not appliable;Not appliable;Egyptian god of marriage.;179,10;179°6';-25,50;25°30' South;61,00;61,00;Ganymede;717;Bes;Bes;Crater, craters;AA;61,00;-25.5;179.1;-24.8;-26.1;179.8;178.4;Planetographic  +East  0 - 360;;Egyptian god of marriage.;Africa;Egypt;Approved;1985;1;10/01/2006;
Ganymede;BIGEH FACULA;GAFA2900N26570;Named formation;Bright spot;FA;BIGEH FACULA;Approuved by IAU in 2000;God;Egypt;Egyptian;Not appliable;Not appliable;Not appliable;Not appliable;Island where Hapi, Egyptian Nile god, resided.;265,70;265°42';29,00;29°0' North;224,00;???;Ganymede;742;Bigeh Facula;Bigeh Facula;Facula, faculae;FA;224,00;29,00;265.7;31.3;26.5;267.7;263.1;Planetographic  +East  0 - 360;;Island where Hapi, Egyptian Nile god, resided.;Africa;Egypt;Approved;2000;1;10/01/2006;
Ganymede;BUBASTIS SULCI;GASU7230S7710;Named formation;Subparallel furrows and ridges;SU;BUBASTIS SULCI;Approuved by IAU in 1988;Non appliable;Egypt;Egyptian;Not appliable;Not appliable;Not appliable;Not appliable;Town in Egypt where Bast was worshipped.;77,10;77°6';-72,30;72°18' South;2 651,00;???;Ganymede;904;Bubastis Sulci;Bubastis Sulci;Sulcus, sulci;SU;2 651,00;-72.3;77.1;-47.2;-75.6;80,00;60.5;Planetographic  +East  0 - 360;;Town in Egypt where Bast was worshipped.;Africa;Egypt;Approved;1988;1;10/01/2006;
Ganymede;BUSIRIS FACULA;GAFA1570N14460;Named formation;Bright spot;FA;BUSIRIS FACULA;Approuved by IAU in 1985;Non appliable;Egypt;Egyptian;Not appliable;Not appliable;Not appliable;Not appliable;Town in lower Egypt where Osiris was first installed as local god.;144,60;144°36';15,70;15°42' North;369,00;???;Ganymede;930;Busiris Facula;Busiris Facula;Facula, faculae;FA;369,00;15.7;144.6;19.5;11.6;148.8;140.8;Planetographic  +East  0 - 360;;Town in lower Egypt where Osiris was first installed as local god.;Africa;Egypt;Approved;1985;27;10/01/2006;
Ganymede;BUTO FACULA;GAFA1320N15650;Named formation;Bright spot;FA;BUTO FACULA;Approuved by IAU in 1985;Swamp;Egypt;Egyptian;Not appliable;Not appliable;Not appliable;Not appliable;Swamp where Isis hid Osiris' body.;156,50;156°30';13,20;13°12' North;245,00;???;Ganymede;935;Buto Facula;Buto Facula;Facula, faculae;FA;245,00;13.2;156.5;16,00;10.8;159.3;154.2;Planetographic  +East  0 - 360;;Swamp where Isis hid Osiris' body.;Africa;Egypt;Approved;1985;27;10/01/2006;
Ganymede;BYBLUS SULCUS;GASU3790N16010;Named formation;Subparallel furrows and ridges;SU;BYBLUS SULCUS;Approuved by IAU in 1997;Non appliable;Phoenicia;Phoenician;Not appliable;Not appliable;Not appliable;Not appliable;Ancient Phoenician city where Adonis was worshipped.;160,10;;37,90;37°54' North;645,00;???;Ganymede;940;Byblus Sulcus;Byblus Sulcus;Sulcus, sulci;SU;645,00;37.9;160.1;43.5;31.8;165.9;155.8;Planetographic  +East  0 - 360;;Ancient Phoenician city where Adonis was worshipped.;Asia;Phoenician;Approved;1997;83;5/15/10;
Ganymede;CHRYSOR;GAAA1530N22570;Named formation;Crater;AA;CHRYSOR;Approuved by IAU in 1997;God;Phoenicia;Phoenician;Not appliable;Not appliable;Not appliable;Not appliable;Phoenician god / inventor of bait, fishing hooks and line, first to sail.;225,70;225°42';15,30;15°18' North;6.9;6.9;Ganymede;1205;Chrysor;Chrysor;Crater, craters;AA;6.9;15.3;225.7;15.4;15.2;225.8;225.6;Planetographic  +East  0 - 360;;"Phoenician god; inventor of bait, fishing hooks and line, first to sail.";Asia;Phoenician;Approved;1997;83;5/15/10;
Ganymede;CISTI;GAAA3170S29580;Named formation;Crater;AA;CISTI;Approuved by IAU in 1997;God;Iran;Iranian;Not appliable;Not appliable;Not appliable;Not appliable;Iranian healing god.;295,80;295°48';-31,70;31°42' South;69.6;69.6;Ganymede;1222;Cisti;Cisti;Crater, craters;AA;69.6;-31.7;295.8;-30.9;-32.4;296.7;294.9;Planetographic  +East  0 - 360;;Iranian healing god.;Asia;Iran;Approved;1997;146;10/01/2006;
Ganymede;COPTOS FACULA;GAFA990N15080;Named formation;Bright spot;FA;COPTOS FACULA;Approuved by IAU in 1985;Non appliable;Egypt;Egyptian;Not appliable;Not appliable;Not appliable;Not appliable;Early town from which caravans departed.;150,80;150°48';9,90;9°54' North;329,00;???;Ganymede;1304;Coptos Facula;Coptos Facula;Facula, faculae;FA;329,00;9.9;150.8;13.4;6.3;154.5;147.5;Planetographic  +East  0 - 360;;Early town from which caravans departed.;Africa;Egypt;Approved;1985;27;10/01/2006;
Ganymede;DAMKINA;GAAA3000S35500;Named formation;Crater;AA;DAMKINA;Approuved by IAU in 2006;God;Babylon;Babylonian;Not appliable;Not appliable;Not appliable;Not appliable;Babylonian sky and health deity, queen of the gods, and mother of Marduk in some accounts. ;355,00;355°0';-30,00;30°0' South;180,00;180,00;Ganymede;14132;Damkina;Damkina;Crater, craters;AA;180,00;-30,00;355,00;-28.2;-32.4;357.4;352.4;Planetographic  +East  0 - 360;;Babylonian sky and health deity, queen of the gods, and mother of Marduk in some accounts. ;Asia;Babylon;Approved;2006;83;10/01/2006;
Ganymede;DANEL;GAAA430S33870;Named formation;Crater;AA;DANEL;Approuved by IAU in 1979;Hero;Phoenicia;Phoenician;Not appliable;Not appliable;Not appliable;Not appliable;Phoenician / mythical hero versed in art of divination.;338,70;338°42';-4,30;4°18' South;55.2;55.2;Ganymede;1399;Danel;Danel;Crater, craters;AA;55.2;-4.3;338.7;-3.8;-4.9;339.4;338.1;Planetographic  +East  0 - 360;;"Phoenician; mythical hero versed in art of divination.";Asia;Phoenician;Approved;1979;1;10/01/2006;
Ganymede;DARDANUS SULCUS;GASU4690S34250;Named formation;Subparallel furrows and ridges;SU;DARDANUS SULCUS;Approuved by IAU in 1979;hero;Greece;Greek;Not appliable;Not appliable;Not appliable;Not appliable;Greek / where Ganymede was abducted by Zeus disguised as an eagle.;342,50;342°30';-46,90;46°54' South;2 988,00;???;Ganymede;1413;Dardanus Sulcus;Dardanus Sulcus;Sulcus, sulci;SU;2 988,00;-46.9;342.5;-14.8;-59.1;301.1;2.6;Planetographic  +East  0 - 360;;"Greek; where Ganymede was abducted by Zeus disguised as an eagle.";Europe;Greek;Approved;1979;1;10/01/2006;
Ganymede;DENDERA;GAAA120S10460;Named formation;Crater;AA;DENDERA;Approuved by IAU in 2000;Non appliable;Egypt;Egyptian;Not appliable;Not appliable;Not appliable;Not appliable;Town where Hathor was chief goddess. (Name changed from Dendera Facula.);104,60;104°36';-1,20;1°12' South;82.2;82.2;Ganymede;1487;Dendera;Dendera;Crater, craters;AA;82.2;-1.2;104.6;-0.2;-2,00;105.4;103.7;Planetographic  +East  0 - 360;;Town where Hathor was chief goddess. (Name changed from Dendera Facula.);Africa;Egypt;Approved;2000;1;10/01/2006;
Ganymede;DIMENT;GAAA2310N820;Named formation;Crater;AA;DIMENT;Approuved by IAU in 1979;Goddess;Egypt;Egyptian;Not appliable;Not appliable;Not appliable;Not appliable;Egyptian goddess of the dwelling place of the dead.;8,20;8°12';23,10;23°6' North;40.4;40.4;Ganymede;1536;Diment;Diment;Crater, craters;AA;40.4;23.1;8.2;23.5;22.7;8.7;7.8;Planetographic  +East  0 - 360;;Egyptian goddess of the dwelling place of the dead.;Africa;Egypt;Approved;1979;1;10/01/2006;
Ganymede;DUKUG SULCUS;GASU8350N35620;Named formation;Subparallel furrows and ridges;SU;DUKUG SULCUS;Approuved by IAU in 1985;God;Sumer;Sumerian;Not appliable;Not appliable;Not appliable;Not appliable;Sumerian holy cosmic chamber of the gods.;356,20;356°12';83,50;83°30' North;385,00;???;Ganymede;1659;Dukug Sulcus;Dukug Sulcus;Sulcus, sulci;SU;385,00;83.5;356.2;87.8;79.4;345.2;16.4;Planetographic  +East  0 - 360;;Sumerian holy cosmic chamber of the gods.;Asia;Sumerian;Approved;1985;1;10/01/2006;
Ganymede;EA;GAAA1770N21130;Named formation;Crater;AA;EA;Approuved by IAU in 1997;God;Assyria & Babylon;Assyro-Babylonian;Not appliable;Not appliable;Not appliable;Not appliable;Assyro-babylonian god of water, wisdom, and the earth.;211,30;211°18';17,70;17°42' North;19.1;19.1;Ganymede;1701;Ea;Ea;Crater, craters;AA;19.1;17.7;211.3;17.9;17.5;211.5;211.1;Planetographic  +East  0 - 360;;Assyro-babylonian god of water, wisdom, and the earth.;Asia;Assyro-Babylonian;Approved;1997;1;10/01/2006;
Ganymede;EDFU FACULA;GAFA2570N21290;Named formation;Bright spot;FA;EDFU FACULA;Approuved by IAU in 1985;Non appliable;Egypt;Egyptian;Not appliable;Not appliable;Not appliable;Not appliable;Egyptian town where Horus was worshipped.;212,90;212°54';25,70;25°42' North;184,00;???;Ganymede;1720;Edfu Facula;Edfu Facula;Facula, faculae;FA;184,00;25.7;212.9;27.6;23.9;215.1;210.7;Planetographic  +East  0 - 360;;Egyptian town where Horus was worshipped.;Africa;Egypt;Approved;1985;1;10/01/2006;
Ganymede;EL;GAAA100N20860;Named formation;Crater;AA;EL;Approuved by IAU in 1997;God;Phoenicia;Phoenician;Not appliable;Not appliable;Not appliable;Not appliable;"""Father of Men"", existed before the birth of gods.";208,60;208°36';1,00;1°0' North;54.3;54.3;Ganymede;1753;El;El;Crater, craters;AA;54.3;1,00;208.6;1.6;0.4;209.2;208.1;Planetographic  +East  0 - 360;;"""Father of Men"", existed before the birth of gods.";Asia;Phoenician;Approved;1997;1;10/01/2006;
Ganymede;ELAM SULCI;GASU5820N15970;Named formation;Subparallel furrows and ridges;SU;ELAM SULCI;Approuved by IAU in 1985;Non appliable;Babylon;Babylonian;Not appliable;Not appliable;Not appliable;Not appliable;Ancient Babylonian seat of sun worship, in present-day Iran.;159,70;159°42';58,20;58°12' North;1 855,00;???;Ganymede;1755;Elam Sulci;Elam Sulci;Sulcus, sulci;SU;1 855,00;58.2;159.7;77.5;38.5;179.2;129.2;Planetographic  +East  0 - 360;;Ancient Babylonian seat of sun worship, in present-day Iran.;Asia;Babylon;Approved;1985;27;10/01/2006;
Ganymede;ENKI CATENA;GACA3880N34640;Named formation;Craters chain;CA;ENKI CATENA;Approuved by IAU in 1997;God;Assyria & Babylon;Assyro-Babylonian;Not appliable;Not appliable;Not appliable;Not appliable;Principal water god of the Apsu.;346,40;346°24';38,80;38°48' North;161.3;???;Ganymede;1804;Enki Catena;Enki Catena;Catena, catenae;CA;161.3;38.8;346.4;39.6;38,00;348.5;344.4;Planetographic  +East  0 - 360;;Principal water god of the Apsu.;Asia;Assyro-Babylonian;Approved;1997;1;10/01/2006;
Ganymede;ENKIDU;GAAA2660S3480;Named formation;Crater;AA;ENKIDU;Approuved by IAU in 1982;God;Assyria & Babylon;Assyro-Babylonian;Not appliable;Not appliable;Not appliable;Not appliable;Friend of Gilgamesh.;34,80;34°48';-26,60;26°36' South;121.1;121.1;Ganymede;1805;Enkidu;Enkidu;Crater, craters;AA;121.1;-26.6;34.8;-25.4;-27.9;36.3;33.3;Planetographic  +East  0 - 360;;Friend of Gilgamesh.;Asia;Assyro-Babylonian;Approved;1982;1;10/01/2006;
Ganymede;ENLIL;GAAA5530N4780;Named formation;Crater;AA;ENLIL;Approuved by IAU in 1979;God;Assyria & Babylon;Assyro-Babylonian;Not appliable;Not appliable;Not appliable;Not appliable;Assyro-Babylonian / nature god of the air, hurricanes, and nature.;47,80;47°48';55,30;55°18' North;34.4;34.4;Ganymede;1806;Enlil;Enlil;Crater, craters;AA;34.4;55.3;47.8;55.7;55,00;48.5;47.2;Planetographic  +East  0 - 360;;"Assyro-Babylonian; nature god of the air, hurricanes, and nature.";Asia;Assyro-Babylonian;Approved;1979;1;10/01/2006;
Ganymede;EN-ZU;GAAA1160N19160;Named formation;Crater;AA;EN ZU;Approuved by IAU in 1997;God;Babylon;Babylonian;Not appliable;Not appliable;Not appliable;Not appliable;Babylonian moon god.;191,60;191°36';11,60;11°36' North;5,00;5,00;Ganymede;1795;En-zu;En zu;Crater, craters;AA;5,00;11.6;191.6;;;;;Planetographic  +East  0 - 360;;Babylonian moon god.;Asia;Babylon;Approved;1997;83;10/01/2006;
Ganymede;EPIGEUS;GAAA2340N17940;Named formation;Crater;AA;EPIGEUS;Approuved by IAU in 1997;God;Phoenicia;Phoenician;Not appliable;Not appliable;Not appliable;Not appliable;Phoenician god.;179,40;179°24';23,40;23°24' North;343,00;343,00;Ganymede;1816;Epigeus;Epigeus;Crater, craters;AA;343,00;23.4;179.4;28.9;19.1;183.3;175.7;Planetographic  +East  0 - 360;;Phoenician god.;Asia;Phoenician;Approved;1997;83;5/15/10;
Ganymede;ERECH SULCUS;GASU730S18080;Named formation;Subparallel furrows and ridges;SU;ERECH SULCUS;Approuved by IAU in 1985;Non appliable;Assyria & Babylon;Assyro-Babylonian;Not appliable;Not appliable;Not appliable;Not appliable;Akkadian town that was built by Marduk.;180,80;180°48';-7,30;7°18' South;953,00;???;Ganymede;1822;Erech Sulcus;Erech Sulcus;Sulcus, sulci;SU;953,00;-7.3;180.8;2,00;-16.5;185.2;178.4;Planetographic  +East  0 - 360;;Akkadian town that was built by Marduk.;Asia;Assyro-Babylonian;Approved;1985;27;10/01/2006;
Ganymede;ERICHTHONIUS;GAAA1530S18470;Named formation;Crater;AA;ERICHTHONIUS;Approuved by IAU in 1997;God;Greece;Greek;Not appliable;Not appliable;Not appliable;Not appliable;Possible father of Ganymede.;184,70;184°42';-15,30;15°18' South;30.5;30.5;Ganymede;1825;Erichthonius;Erichthonius;Crater, craters;AA;30.5;-15.3;184.7;-15,00;-15.6;185,00;184.4;Planetographic  +East  0 - 360;;Possible father of Ganymede.;Europe;Greek;Approved;1997;1;10/01/2006;
Ganymede;ESHMUN;GAAA1740S16790;Named formation;Crater;AA;ESHMUN;Approuved by IAU in 1979;God;Phoenicia;Phoenician;Not appliable;Not appliable;Not appliable;Not appliable;Phoenician / divinity of Sidon.;167,90;167°54';-17,40;17°24' South;96.5;96.5;Ganymede;1845;Eshmun;Eshmun;Crater, craters;AA;96.5;-17.4;167.9;-16.4;-18.5;169,00;166.8;Planetographic  +East  0 - 360;;"Phoenician; divinity of Sidon.";Asia;Phoenician;Approved;1979;1;10/01/2006;
Ganymede;ETANA;GAAA7470N1950;Named formation;Crater;AA;ETANA;Approuved by IAU in 1979;God;Assyria & Babylon;Assyro-Babylonian;Not appliable;Not appliable;Not appliable;Not appliable;Assyro-Babylonian / asked the eagle for an herb to give him an heir.;19,50;19°30';74,70;74°42' North;44.5;44.5;Ganymede;1856;Etana;Etana;Crater, craters;AA;44.5;74.7;19.5;75.2;74.2;21.3;17.6;Planetographic  +East  0 - 360;;"Assyro-Babylonian; asked the eagle for an herb to give him an heir.";Asia;Assyro-Babylonian;Approved;1979;1;10/01/2006;
Ganymede;GAD;GAAA1360S22240;Named formation;Crater;AA;GAD;Approuved by IAU in 1985;God;Aramea;Semitic;Not appliable;Not appliable;Not appliable;Not appliable;Semitic god of fate or good fortune.;222,40;222°24';-13,60;13°36' South;72.1;72.1;Ganymede;2051;Gad;Gad;Crater, craters;AA;72.1;-13.6;222.4;-12.9;-14.3;223.1;221.7;Planetographic  +East  0 - 360;;Semitic god of fate or good fortune.;Asia;Semitic;Approved;1985;27;10/01/2006;
Ganymede;GALILEO REGIO;GARE4700N23040;Named formation;Broad geographic region;RE;GALILEO REGIO;Approuved by IAU in 1979;Astronomer;Italy;Italian;16;16th century;1564;1642;Italian astronomer (1564-1642).;230,40;230°24';47,00;47°0' North;5 000,00;???;Ganymede;2076;Galileo Regio;Galileo Regio;Regio, regiones;RE;5 000,00;47,00;230.4;90,00;-12,00;295.7;180,00;Planetographic  +East  0 - 360;;Italian astronomer (1564-1642).;Europe;Italy;Approved;1979;68;10/01/2006;
Ganymede;GEB;GAAA5630N17740;Named formation;Crater;AA;GEB;Approuved by IAU in 1985;God;Egypt;Egyptian;Not appliable;Not appliable;Not appliable;Not appliable;Heliopolis Earth god.;177,40;177°24';56,30;56°18' North;60,00;60,00;Ganymede;2127;Geb;Geb;Crater, craters;AA;60,00;56.3;177.4;57,00;55.7;178.4;176.1;Planetographic  +East  0 - 360;;Heliopolis Earth god.;Africa;Egypt;Approved;1985;1;10/01/2006;
Ganymede;GEINOS;GAAA1860N14060;Named formation;Crater;AA;GEINOS;Approuved by IAU in 1985;God;Phoenicia;Phoenician;Not appliable;Not appliable;Not appliable;Not appliable;Tyre / god of brick making.;140,60;140°36';18,60;18°36' North;58,00;58,00;Ganymede;2134;Geinos;Geinos;Crater, craters;AA;58,00;18.6;140.6;19.1;18.1;141.2;139.9;Planetographic  +East  0 - 360;;"Tyre; god of brick making.";Asia;Phoenician;Approved;1985;27;10/01/2006;
Ganymede;GILGAMESH;GAAA6280S23500;Named formation;Crater;AA;GILGAMESH;Approuved by IAU in 1979;God;Assyria & Babylon;Assyro-Babylonian;Not appliable;Not appliable;Not appliable;Not appliable;Assyro-Babylonian / sought immortality after Enkidu died.;235,00;235°0';-62,80;62°48' South;153,00;153,00;Ganymede;2161;Gilgamesh;Gilgamesh;Crater, craters;AA;153,00;-62.8;235,00;-61.4;-64.4;238.8;231.4;Planetographic  +East  0 - 360;;"Assyro-Babylonian; sought immortality after Enkidu died.";Asia;Assyro-Babylonian;Approved;1979;1;10/01/2006;
Ganymede;GIR;GAAA3400N21430;Named formation;Crater;AA;GIR;Approuved by IAU in 1985;God;Sumer;Sumerian;Not appliable;Not appliable;Not appliable;Not appliable;Sumerian god of summer heat.;214,30;214°18';34,00;34°0' North;73.2;73.2;Ganymede;2175;Gir;Gir;Crater, craters;AA;73.2;34,00;214.3;34.8;33.3;215.2;213.3;Planetographic  +East  0 - 360;;Sumerian god of summer heat.;Asia;Sumerian;Approved;1985;27;10/01/2006;
Ganymede;GULA;GAAA6410N34770;Named formation;Crater;AA;GULA;Approuved by IAU in 1979;God;Assyria & Babylon;Assyro-Babylonian;Not appliable;Not appliable;Not appliable;Not appliable;Assyro-Babylonian / health god.;347,70;347°42';64,10;64°6' North;38,00;38,00;Ganymede;2275;Gula;Gula;Crater, craters;AA;38,00;64.1;347.7;64.5;63.7;348.6;346.7;Planetographic  +East  0 - 360;;"Assyro-Babylonian; health god.";Asia;Assyro-Babylonian;Approved;1979;1;10/01/2006;
Ganymede;HALIEUS;GAAA3430N19290;Named formation;Crater;AA;HALIEUS;Approuved by IAU in 1985;God;Phoenicia;Phoenician;Not appliable;Not appliable;Not appliable;Not appliable;Tyre / fisherman god.;192,90;192°54';34,30;34°18' North;91.6;91.6;Ganymede;2325;Halieus;Halieus;Crater, craters;AA;91.6;34.3;192.9;35.4;33.4;194.1;191.7;Planetographic  +East  0 - 360;;"Tyre; fisherman god.";Asia;Phoenician;Approved;1985;27;10/01/2006;
Ganymede;HAPI;GAAA3060S14740;Named formation;Crater;AA;HAPI;Approuved by IAU in 1988;God;Egypt;Egyptian;Not appliable;Not appliable;Not appliable;Not appliable;Egyptian god of the Nile.;147,40;147°24';-30,60;30°36' South;98.5;98.5;Ganymede;2358;Hapi;Hapi;Crater, craters;AA;98.5;-30.6;147.4;-29.5;-31.6;148.6;146.2;Planetographic  +East  0 - 360;;Egyptian god of the Nile.;Africa;Egypt;Approved;1988;1;10/01/2006;
Ganymede;HARAKHTES;GAAA3590N25980;Named formation;Crater;AA;HARAKHTES;Approuved by IAU in 2000;God;Egypt;Egyptian;Not appliable;Not appliable;Not appliable;Not appliable;"""Horus of the Two Horizons"", form of Egyptian god Horus who represents the path of the sun.";259,80;259°48';35,90;35°54' North;108,00;108,00;Ganymede;2359;Harakhtes;Harakhtes;Crater, craters;AA;108,00;35.9;259.8;37,00;34.8;261.2;258.3;Planetographic  +East  0 - 360;;"""Horus of the Two Horizons"", form of Egyptian god Horus who represents the path of the sun.";Africa;Egypt;Approved;2000;1;10/01/2006;
Ganymede;HAROERIS;GAAA2850N6320;Named formation;Crater;AA;HAROERIS;Approuved by IAU in 2000;God;Egypt;Egyptian;Not appliable;Not appliable;Not appliable;Not appliable;Egyptian sky god whose eyes are the sun and the moon, a form of Horus.;63,20;63°12';28,50;28°30' North;70,00;70,00;Ganymede;2369;Haroeris;Haroeris;Crater, craters;AA;70,00;28.5;63.2;29.2;27.8;64.1;62.3;Planetographic  +East  0 - 360;;Egyptian sky god whose eyes are the sun and the moon, a form of Horus.;Africa;Egypt;Approved;2000;1;10/01/2006;
Ganymede;HARPAGIA SULCUS;GASU1170S4130;Named formation;Subparallel furrows and ridges;SU;HARPAGIA SULCUS;Approuved by IAU in 1985;Non appliable;Greece;Greek;Not appliable;Not appliable;Not appliable;Not appliable;Greek / where Ganymede was abducted an eagle.;41,30;41°18';-11,70;11°42' South;1 792,00;???;Ganymede;2371;Harpagia Sulcus;Harpagia Sulcus;Sulcus, sulci;SU;1 792,00;-11.7;41.3;-3.2;-26.3;54.5;21.9;Planetographic  +East  0 - 360;;"Greek; where Ganymede was abducted an eagle.";Europe;Greek;Approved;1985;1;10/01/2006;
Ganymede;HATHOR;GAAA6690S9140;Named formation;Crater;AA;HATHOR;Approuved by IAU in 1979;Goddess;Egypt;Egyptian;Not appliable;Not appliable;Not appliable;Not appliable;Egyptian goddess of joy and love.;91,40;91°24';-66,90;66°54' South;173,00;173,00;Ganymede;2383;Hathor;Hathor;Crater, craters;AA;173,00;-66.9;91.4;-64.9;-68.8;96.3;86.6;Planetographic  +East  0 - 360;;Egyptian goddess of joy and love.;Africa;Egypt;Approved;1979;1;10/01/2006;
Ganymede;HAY-TAU;GAAA1450N22690;Named formation;Crater;AA;HAY TAU;Approuved by IAU in 1997;God;Phoenicia;Phoenician;Not appliable;Not appliable;Not appliable;Not appliable;Nega god, spirit of forest vegetation.;226,90;226°54';14,50;14°30' North;26.9;26.9;Ganymede;2390;Hay-tau;Hay tau;Crater, craters;AA;26.9;14.5;226.9;14.8;14.2;227.2;226.6;Planetographic  +East  0 - 360;;Nega god, spirit of forest vegetation.;Asia;Phoenician;Approved;1997;1;10/01/2006;
Ganymede;HEDETET;GAAA3300S10890;Named formation;Crater;AA;HEDETET;Approuved by IAU in 2000;Goddess;Egypt;Egyptian;Not appliable;Not appliable;Not appliable;Not appliable;Egyptian scorpion goddess.;108,90;108°54';-33,00;33°0' South;102.3;102.3;Ganymede;2408;Hedetet;Hedetet;Crater, craters;AA;102.3;-33,00;108.9;-31.9;-34.1;110.2;107.6;Planetographic  +East  0 - 360;;Egyptian scorpion goddess.;Africa;Egypt;Approved;2000;127;10/01/2006;
Ganymede;HELIOPOLIS FACULA;GAFA1850N21280;Named formation;Bright spot;FA;HELIOPOLIS FACULA;Approuved by IAU in 1997;Non appliable;Egypt;Egyptian;Not appliable;Not appliable;Not appliable;Not appliable;Sacred Egyptian city of the sun.;212,80;212°48';18,50;18°30' North;50,00;???;Ganymede;2426;Heliopolis Facula;Heliopolis Facula;Facula, faculae;FA;50,00;18.5;212.8;19,00;18,00;213.3;212.5;Planetographic  +East  0 - 360;;Sacred Egyptian city of the sun.;Africa;Egypt;Approved;1997;83;10/01/2006;
Ganymede;HERMOPOLIS FACULA;GAFA2240N16470;Named formation;Bright spot;FA;HERMOPOLIS FACULA;Approuved by IAU in 1997;Non appliable;Egypt;Egyptian;Not appliable;Not appliable;Not appliable;Not appliable;Place where Unut was worshipped.;164,70;164°42';22,40;22°24' North;260,00;???;Ganymede;2472;Hermopolis Facula;Hermopolis Facula;Facula, faculae;FA;260,00;22.4;164.7;24.9;19.6;167.3;162.1;Planetographic  +East  0 - 360;;Place where Unut was worshipped.;Africa;Egypt;Approved;1997;27;10/01/2006;
Ganymede;HERSHEF;GAAA4730N9050;Named formation;Crater;AA;HERSHEF;Approuved by IAU in 2000;God;Egypt;Egyptian;Not appliable;Not appliable;Not appliable;Not appliable;Egyptian ram-headed god.;90,50;90°30';47,30;47°18' North;117.9;117.9;Ganymede;2480;Hershef;Hershef;Crater, craters;AA;117.9;47.3;90.5;48.6;46.2;92.4;88.7;Planetographic  +East  0 - 360;;Egyptian ram-headed god.;Africa;Egypt;Approved;2000;1;10/01/2006;
Ganymede;HUMBABA;GAAA5520S29270;Named formation;Crater;AA;HUMBABA;Approuved by IAU in 2000;God;Bangladesh;Bangladesh;Not appliable;Not appliable;Not appliable;Not appliable;Babylonian terrifying guardian of the cedar forests.;292,70;292°42';-55,20;55°12' South;35,00;35,00;Ganymede;2581;Humbaba;Humbaba;Crater, craters;AA;35,00;-55.2;292.7;-54.8;-55.5;293.3;292.1;Planetographic  +East  0 - 360;;Babylonian terrifying guardian of the cedar forests.;Asia;Bangladesh;Approved;2000;1;10/01/2006;
Ganymede;HURSAG SULCUS;GASU970S12690;Named formation;Subparallel furrows and ridges;SU;HURSAG SULCUS;Approuved by IAU in 1985;Non appliable;Sumer;Sumerian;Not appliable;Not appliable;Not appliable;Not appliable;Sumerian mountain where winds dwell.;126,90;126°54';-9,70;9°42' South;750,00;???;Ganymede;2588;Hursag Sulcus;Hursag Sulcus;Sulcus, sulci;SU;750,00;-9.7;126.9;-6.5;-15.6;134.6;119.3;Planetographic  +East  0 - 360;;Sumerian mountain where winds dwell.;Asia;Sumerian;Approved;1985;27;10/01/2006;
Ganymede;ILAH;GAAA2190N19940;Named formation;Crater;AA;ILAH;Approuved by IAU in 1985;God;Sumer;Sumerian;Not appliable;Not appliable;Not appliable;Not appliable;First Sumerian sky god.;199,40;199°24';21,90;21°54' North;79.6;79.6;Ganymede;2660;Ilah;Ilah;Crater, craters;AA;79.6;21.9;199.4;22.8;21.1;200.3;198.5;Planetographic  +East  0 - 360;;First Sumerian sky god.;Asia;Sumerian;Approved;1985;27;10/01/2006;
Ganymede;ILUS;GAAA1340S24970;Named formation;Crater;AA;ILUS;Approuved by IAU in 1985;God;Greece;Greek;Not appliable;Not appliable;Not appliable;Not appliable;Ganymede's brother.;249,70;249°42';-13,40;13°24' South;90,00;90,00;Ganymede;2671;Ilus;Ilus;Crater, craters;AA;90,00;-13.4;249.7;-12.5;-14.4;250.8;248.5;Planetographic  +East  0 - 360;;Ganymede's brother.;Europe;Greek;Approved;1985;19;10/01/2006;
Ganymede;IRKALLA;GAAA3260S24530;Named formation;Crater;AA;IRKALLA;Approuved by IAU in 1985;Goddess;Sumer;Sumerian;Not appliable;Not appliable;Not appliable;Not appliable;Sumerian goddess of underworld, seen by Enkidu in a dream.;245,30;245°18';-32,60;32°36' South;116.2;116.2;Ganymede;2719;Irkalla;Irkalla;Crater, craters;AA;116.2;-32.6;245.3;-31.4;-33.8;246.8;243.8;Planetographic  +East  0 - 360;;Sumerian goddess of underworld, seen by Enkidu in a dream.;Asia;Sumerian;Approved;1985;27;10/01/2006;
Ganymede;ISHKUR;GAAA30N35160;Named formation;Crater;AA;ISHKUR;Approuved by IAU in 1985;God;Sumer;Sumerian;Not appliable;Not appliable;Not appliable;Not appliable;Sumerian god of rain.;351,60;351°36';0,30;0°18' North;67.6;67.6;Ganymede;2731;Ishkur;Ishkur;Crater, craters;AA;67.6;0.3;351.6;1,00;-0.4;352.4;350.9;Planetographic  +East  0 - 360;;Sumerian god of rain.;Asia;Sumerian;Approved;1985;27;10/01/2006;
Ganymede;ISIMU;GAAA840N0;Named formation;Crater;AA;ISIMU;Approuved by IAU in 1985;God;Sumer;Sumerian;Not appliable;Not appliable;Not appliable;Not appliable;Sumerian god of vegetation.;0,00;0°0';8,40;8°24' North;89.5;89.5;Ganymede;2738;Isimu;Isimu;Crater, craters;AA;89.5;8.4;0,00;9.5;7.6;1,00;360,00;Planetographic  +East  0 - 360;;Sumerian god of vegetation.;Asia;Sumerian;Approved;1985;27;10/01/2006;
Ganymede;ISIS;GAAA6730S15890;Named formation;Crater;AA;ISIS;Approuved by IAU in 1979;Goddess;Egypt;Egyptian;Not appliable;Not appliable;Not appliable;Not appliable;Egyptian goddess / wife of Osiris.;158,90;158°54';-67,30;67°18' South;75.3;75.3;Ganymede;2740;Isis;Isis;Crater, craters;AA;75.3;-67.3;158.9;-66.5;-68.1;160.8;156.7;Planetographic  +East  0 - 360;;"Egyptian goddess; wife of Osiris.";Africa;Egypt;Approved;1979;1;10/01/2006;
Ganymede;KADI;GAAA4770N18150;Named formation;Crater;AA;KADI;Approuved by IAU in 1985;Goddess;Babylon;Babylonian;Not appliable;Not appliable;Not appliable;Not appliable;Babylonian goddess of justice.;181,50;181°30';47,70;47°42' North;86.7;86.7;Ganymede;2881;Kadi;Kadi;Crater, craters;AA;86.7;47.7;181.5;48.6;46.8;182.9;180.2;Planetographic  +East  0 - 360;;Babylonian goddess of justice.;Asia;Babylon;Approved;1985;1;10/01/2006;
Ganymede;KHENSU;GAAA100N20710;Named formation;Crater;AA;KHENSU;Approuved by IAU in 1997;God;Egypt;Egyptian;Not appliable;Not appliable;Not appliable;Not appliable;Egyptian moon god.;207,10;207°6';1,00;1°0' North;14.2;14.2;Ganymede;3008;Khensu;Khensu;Crater, craters;AA;14.2;1,00;207.1;1.2;0.9;207.2;206.9;Planetographic  +East  0 - 360;;Egyptian moon god.;Africa;Egypt;Approved;1997;83;10/01/2006;
Ganymede;KHEPRI;GAAA2040N21240;Named formation;Crater;AA;KHEPRI;Approuved by IAU in 1997;God;Egypt;Egyptian;Not appliable;Not appliable;Not appliable;Not appliable;God of transformations for the Heliopitans.;212,40;212°24';20,40;20°24' North;47.1;47.1;Ganymede;3009;Khepri;Khepri;Crater, craters;AA;47.1;20.4;212.4;20.9;19.9;213,00;211.9;Planetographic  +East  0 - 360;;God of transformations for the Heliopitans.;Africa;Egypt;Approved;1997;1;10/01/2006;
Ganymede;KHNUM CATENA;GACA3290N1090;Named formation;Craters chain;CA;KHNUM CATENA;Approuved by IAU in 1997;God;Egypt;Egyptian;Not appliable;Not appliable;Not appliable;Not appliable;Egyptian creation god.;10,90;10°54';32,90;32°54' North;66,00;???;Ganymede;3010;Khnum Catena;Khnum Catena;Catena, catenae;CA;66,00;32.9;10.9;33.2;32.6;11.6;10,00;Planetographic  +East  0 - 360;;Egyptian creation god.;Africa;Egypt;Approved;1997;1;10/01/2006;
Ganymede;KHONSU;GAAA3750S16920;Named formation;Crater;AA;KHONSU;Approuved by IAU in 1988;God;Egypt;Egyptian;Not appliable;Not appliable;Not appliable;Not appliable;Egyptian moon god.;169,20;169°12';-37,50;37°30' South;80,00;80,00;Ganymede;3012;Khonsu;Khonsu;Crater, craters;AA;80,00;-37.5;169.2;-36.6;-38.4;170.1;168.2;Planetographic  +East  0 - 360;;Egyptian moon god.;Africa;Egypt;Approved;1988;83;10/01/2006;
Ganymede;KHUMBAM;GAAA2410S2460;Named formation;Crater;AA;KHUMBAM;Approuved by IAU in 1979;God;Assyria & Babylon;Assyro-Babylonian;Not appliable;Not appliable;Not appliable;Not appliable;Assyro-Babylonian / Elamite creator god.;24,60;24°36';-24,10;24°6' South;56.9;56.9;Ganymede;3016;Khumbam;Khumbam;Crater, craters;AA;56.9;-24.1;24.6;-23.5;-24.7;25.3;24,00;Planetographic  +East  0 - 360;;"Assyro-Babylonian; Elamite creator god.";Asia;Assyro-Babylonian;Approved;1979;1;10/01/2006;
Ganymede;KINGU;GAAA3480S13290;Named formation;Crater;AA;KINGU;Approuved by IAU in 1988;God;Assyria & Babylon;Assyro-Babylonian;Not appliable;Not appliable;Not appliable;Not appliable;Assyro-Babylonian / conquered leader of Tiamat's forces whose blood was used to create man.;132,90;132°54';-34,80;34°48' South;78,00;78,00;Ganymede;3040;Kingu;Kingu;Crater, craters;AA;78,00;-34.8;132.9;-33.9;-35.6;134,00;132,00;Planetographic  +East  0 - 360;;"Assyro-Babylonian; conquered leader of Tiamat's forces whose blood was used to create man.";Asia;Assyro-Babylonian;Approved;1988;83;10/01/2006;
Ganymede;KISHAR;GAAA7260N1030;Named formation;Crater;AA;KISHAR;Approuved by IAU in 1979;Goddess;Assyria & Babylon;Assyro-Babylonian;Not appliable;Not appliable;Not appliable;Not appliable;Assyro-Babylonian / terrestrial progenitor goddess.;10,30;10°18';72,60;72°36' North;79,00;79,00;Ganymede;3054;Kishar;Kishar;Crater, craters;AA;79,00;72.6;10.3;73.5;71.8;13.2;7.5;Planetographic  +East  0 - 360;;"Assyro-Babylonian; terrestrial progenitor goddess.";Asia;Assyro-Babylonian;Approved;1979;1;10/01/2006;
Ganymede;KISHAR SULCUS;GASU640S14340;Named formation;Subparallel furrows and ridges;SU;KISHAR SULCUS;Approuved by IAU in 1979;Non appliable;Assyria & Babylon;Assyro-Babylonian;Not appliable;Not appliable;Not appliable;Not appliable;Assyro-Babylonian / terrestrial-world home of Lakhmu and Lakhamu.;143,40;143°24';-6,40;6°24' South;1 187,00;???;Ganymede;3055;Kishar Sulcus;Kishar Sulcus;Sulcus, sulci;SU;1 187,00;-6.4;143.4;0.8;-13.2;154.6;131.2;Planetographic  +East  0 - 360;;"Assyro-Babylonian; terrestrial-world home of Lakhmu and Lakhamu.";Asia;Assyro-Babylonian;Approved;1979;1;10/01/2006;
Ganymede;KITTU;GAAA40N2540;Named formation;Crater;AA;KITTU;Approuved by IAU in 1985;God;Assyria & Babylon;Assyro-Babylonian;Not appliable;Not appliable;Not appliable;Not appliable;Assyro-Babylonian god of justice.;25,40;25°24';0,40;0°24' North;15,00;15,00;Ganymede;3058;Kittu;Kittu;Crater, craters;AA;15,00;0.4;25.4;0.6;0.2;25.6;25.2;Planetographic  +East  0 - 360;;Assyro-Babylonian god of justice.;Asia;Assyro-Babylonian;Approved;1985;1;10/01/2006;
Ganymede;KULLA;GAAA3330N24620;Named formation;Crater;AA;KULLA;Approuved by IAU in 1985;God;Sumer;Sumerian;Not appliable;Not appliable;Not appliable;Not appliable;Sumerian god of brick making.;246,20;246°12';33,30;33°18' North;92.4;92.4;Ganymede;3146;Kulla;Kulla;Crater, craters;AA;92.4;33.3;246.2;34.2;32.2;247.2;245.1;Planetographic  +East  0 - 360;;Sumerian god of brick making.;Asia;Sumerian;Approved;1985;27;10/01/2006;
Ganymede;LAGAMAL;GAAA6440N11520;Named formation;Crater;AA;LAGAMAL;Approuved by IAU in 2000;God;Bangladesh;Bangladesh;Not appliable;Not appliable;Not appliable;Not appliable;Son of Babylonian god Ea.;115,20;115°12';64,40;64°24' North;131,00;131,00;Ganymede;3229;Lagamal;Lagamal;Crater, craters;AA;131,00;64.4;115.2;65.6;63.1;118.2;112.3;Planetographic  +East  0 - 360;;Son of Babylonian god Ea.;Asia;Bangladesh;Approved;2000;1;10/01/2006;
Ganymede;LAGASH SULCUS;GASU1090S19680;Named formation;Subparallel furrows and ridges;SU;LAGASH SULCUS;Approuved by IAU in 1985;Non appliable;Bangladesh;Babylonian;Not appliable;Not appliable;Not appliable;Not appliable;Early Babylonian town.;196,80;196°48';-10,90;10°54' South;1 575,00;???;Ganymede;3231;Lagash Sulcus;Lagash Sulcus;Sulcus, sulci;SU;1 575,00;-10.9;196.8;4.3;-21.5;207.3;185.7;Planetographic  +East  0 - 360;;Early Babylonian town.;Asia;Babylon;Approved;1985;1;10/01/2006;
Ganymede;LAKHAMU FOSSA;GAFO1160S13230;Named formation;Long and narrow depression;FO;LAKHAMU FOSSA;Approuved by IAU in 1985;Dragon;Assyria & Babylon;Assyro-Babylonian;Not appliable;Not appliable;Not appliable;Not appliable;Dragon monster, or divine natural force produced by Apsu and Tiamat.;132,30;132°18';-11,60;11°36' South;370,00;???;Ganymede;3241;Lakhamu Fossa;Lakhamu Fossa;Fossa, fossae;FO;370,00;-11.6;132.3;-9.9;-13.4;136.3;129.2;Planetographic  +East  0 - 360;;Dragon monster, or divine natural force produced by Apsu and Tiamat.;Asia;Assyro-Babylonian;Approved;1985;1;10/01/2006;
Ganymede;LAKHMU FOSSAE;GAFO5040N23200;Named formation;Long and narrow depression;FO;LAKHMU FOSSAE;Approuved by IAU in 1985;Dragon;Assyria & Babylon;Assyro-Babylonian;Not appliable;Not appliable;Not appliable;Not appliable;Dragon monster, or divine natural force produced by Apsu and Tiamat.;232,00;232°0';50,40;50°24' North;3 700,00;???;Ganymede;3242;Lakhmu Fossae;Lakhmu Fossae;Fossa, fossae;FO;3 700,00;50.4;232,00;80,00;-1.5;275,00;180,00;Planetographic  +East  0 - 360;;Dragon monster, or divine natural force produced by Apsu and Tiamat.;Asia;Assyro-Babylonian;Approved;1985;1;10/01/2006;
Ganymede;LARSA SULCUS;GASU380N11130;Named formation;Subparallel furrows and ridges;SU;LARSA SULCUS;Approuved by IAU in 2000;Non appliable;Sumer;Sumerian;Not appliable;Not appliable;Not appliable;Not appliable;Sumerian town.;111,30;111°18';3,80;3°48' North;1 000,00;???;Ganymede;3283;Larsa Sulcus;Larsa Sulcus;Sulcus, sulci;SU;1 000,00;3.8;111.3;5.6;0.9;121.2;100.8;Planetographic  +East  0 - 360;;Sumerian town.;Asia;Sumerian;Approved;2000;1;10/01/2006;
Ganymede;LATPON;GAAA5880N18880;Named formation;Crater;AA;LATPON;Approuved by IAU in 1997;God;Phoenicia;Phoenician;Not appliable;Not appliable;Not appliable;Not appliable;One of the sons of El.;188,80;188°48';58,80;58°48' North;42,00;42,00;Ganymede;3294;Latpon;Latpon;Crater, craters;AA;42,00;58.8;188.8;59.2;58.3;189.5;188,00;Planetographic  +East  0 - 360;;One of the sons of El.;Asia;Phoenician;Approved;1997;1;10/01/2006;
Ganymede;LUGALMESLAM;GAAA2380N16620;Named formation;Crater;AA;LUGALMESLAM;Approuved by IAU in 1997;God;Sumer;Sumerian;Not appliable;Not appliable;Not appliable;Not appliable;Sumerian god of the underworld.;166,20;166°12';23,80;23°48' North;65.1;65.1;Ganymede;3510;Lugalmeslam;Lugalmeslam;Crater, craters;AA;65.1;23.8;166.2;24.4;23.1;166.9;165.4;Planetographic  +East  0 - 360;;Sumerian god of the underworld.;Asia;Sumerian;Approved;1997;27;10/01/2006;
Ganymede;LUMHA;GAAA3600N20570;Named formation;Crater;AA;LUMHA;Approuved by IAU in 1985;God;Assyria & Babylon;Assyro-Babylonian;Not appliable;Not appliable;Not appliable;Not appliable;Title of Enki as patron of singers / also Babylonian priest.;205,70;205°42';36,00;36°0' North;57.8;57.8;Ganymede;3514;Lumha;Lumha;Crater, craters;AA;57.8;36,00;205.7;36.6;35.4;206.4;205,00;Planetographic  +East  0 - 360;;"Title of Enki as patron of singers; also Babylonian priest.";Asia;Assyro-Babylonian;Approved;1985;27;10/01/2006;
Ganymede;MAA;GAAA130N15640;Named formation;Crater;AA;MAA;Approuved by IAU in 1997;God;Egypt;Egyptian;Not appliable;Not appliable;Not appliable;Not appliable;Egyptian god of the sense of sight.;156,40;156°24';1,30;1°18' North;31.7;31.7;Ganymede;3546;Maa;Maa;Crater, craters;AA;31.7;1.3;156.4;1.7;1,00;156.7;156.1;Planetographic  +East  0 - 360;;Egyptian god of the sense of sight.;Africa;Egypt;Approved;1997;143;10/01/2006;
Ganymede;MARIUS REGIO;GARE680N17880;Named formation;Broad geographic region;RE;MARIUS REGIO;Approuved by IAU in 1979;Astronomer;Germany;German;16;16th century;1570;1624;Simon / German astronomer (1570-1624).;178,80;178°48';6,80;6°48' North;4 000,00;???;Ganymede;3716;Marius Regio;Marius Regio;Regio, regiones;RE;4 000,00;6.8;178.8;47,00;-23,00;217,00;137.3;Planetographic  +East  0 - 360;;"Simon; German astronomer (1570-1624).";Europe;Germany;Approved;1979;68;10/01/2006;
Ganymede;MASHU SULCUS;GASU2980N15430;Named formation;Subparallel furrows and ridges;SU;MASHU SULCUS;Approuved by IAU in 1979;Non appliable;Assyria & Babylon;Assyro-Babylonian;Not appliable;Not appliable;Not appliable;Not appliable;Assyro-Babylonian / mountain with twin peaks where sun rose and set.;154,30;154°18';29,80;29°48' North;2 960,00;???;Ganymede;3739;Mashu Sulcus;Mashu Sulcus;Sulcus, sulci;SU;2 960,00;29.8;154.3;51,00;14.9;184.2;118.6;Planetographic  +East  0 - 360;;"Assyro-Babylonian; mountain with twin peaks where sun rose and set.";Asia;Assyro-Babylonian;Approved;1979;22;10/01/2006;
Ganymede;MEHIT;GAAA2900N19560;Named formation;Crater;AA;MEHIT;Approuved by IAU in 1985;Goddess;Egypt;Egyptian;Not appliable;Not appliable;Not appliable;Not appliable;Egyptian lion-headed goddess / Anhur's wife.;195,60;195°36';29,00;29°0' North;47.2;47.2;Ganymede;3804;Mehit;Mehit;Crater, craters;AA;47.2;29,00;195.6;29.5;28.5;196.2;195.1;Planetographic  +East  0 - 360;;"Egyptian lion-headed goddess; Anhur's wife.";Africa;Egypt;Approved;1985;27;10/01/2006;
Ganymede;MELKART;GAAA990S17380;Named formation;Crater;AA;MELKART;Approuved by IAU in 1979;God;Phoenicia;Phoenician;Not appliable;Not appliable;Not appliable;Not appliable;Phoenician / divinity of Tyre.;173,80;173°48';-9,90;9°54' South;105,00;105,00;Ganymede;3820;Melkart;Melkart;Crater, craters;AA;105,00;-9.9;173.8;-8.8;-10.9;175.1;172.7;Planetographic  +East  0 - 360;;"Phoenician; divinity of Tyre.";Asia;Phoenician;Approved;1979;1;10/01/2006;
Ganymede;MEMPHIS FACULA;GAFA1410N22810;Named formation;Bright spot;FA;MEMPHIS FACULA;Approuved by IAU in 1985;Non appliable;Egypt;Egyptian;Not appliable;Not appliable;Not appliable;Not appliable;Ancient capitol of lower kingdom.;228,10;228°6';14,10;14°6' North;361,00;???;Ganymede;3829;Memphis Facula;Memphis Facula;Facula, faculae;FA;361,00;14.1;228.1;18,00;10.4;232.2;224.1;Planetographic  +East  0 - 360;;Ancient capitol of lower kingdom.;Africa;Egypt;Approved;1985;1;10/01/2006;
Ganymede;MENHIT;GAAA3650S21950;Named formation;Crater;AA;MENHIT;Approuved by IAU in 2006;Goddess;Egypt;Egyptian;Not appliable;Not appliable;Not appliable;Not appliable;Egyptian lion and war goddess.;219,50;219°30';-36,50;36°30' South;140,00;140,00;Ganymede;14133;Menhit;Menhit;Crater, craters;AA;140,00;-36.5;219.5;-35,00;-37.8;221.1;218,00;Planetographic  +East  0 - 360;;Egyptian lion and war goddess.;Africa;Egypt;Approved;2006;127;10/01/2006;
Ganymede;MIN;GAAA2920N35880;Named formation;Crater;AA;MIN;Approuved by IAU in 1988;God;Egypt;Egyptian;Not appliable;Not appliable;Not appliable;Not appliable;Egyptian fertility god.;358,80;358°48';29,20;29°12' North;33.1;33.1;Ganymede;3908;Min;Min;Crater, craters;AA;33.1;29.2;358.8;29.6;28.9;359.2;358.4;Planetographic  +East  0 - 360;;Egyptian fertility god.;Africa;Egypt;Approved;1988;1;10/01/2006;
Ganymede;MIR;GAAA330S12970;Named formation;Crater;AA;MIR;Approuved by IAU in 1985;God;Aramea;Semitic;Not appliable;Not appliable;Not appliable;Not appliable;West Semitic god of wind.;129,70;129°42';-3,30;3°18' South;8,00;8,00;Ganymede;3918;Mir;Mir;Crater, craters;AA;8,00;-3.3;129.7;-3.2;-3.4;129.9;129.6;Planetographic  +East  0 - 360;;West Semitic god of wind.;Asia;Semitic;Approved;1985;27;10/01/2006;
Ganymede;MISHARU;GAAA440S2410;Named formation;Crater;AA;MISHARU;Approuved by IAU in 1985;God;Assyria & Babylon;Assyro-Babylonian;Not appliable;Not appliable;Not appliable;Not appliable;Assyro-Babylonian god of law.;24,10;24°6';-4,40;4°24' South;88,00;88,00;Ganymede;3925;Misharu;Misharu;Crater, craters;AA;88,00;-4.4;24.1;-3.4;-5.2;25,00;23.1;Planetographic  +East  0 - 360;;Assyro-Babylonian god of law.;Asia;Assyro-Babylonian;Approved;1985;1;10/01/2006;
Ganymede;MONT;GAAA4460N4810;Named formation;Crater;AA;MONT;Approuved by IAU in 1997;God;Egypt;Egyptian;Not appliable;Not appliable;Not appliable;Not appliable;Theban war god.;48,10;48°6';44,60;44°36' North;15,00;15,00;Ganymede;3999;Mont;Mont;Crater, craters;AA;15,00;44.6;48.1;44.8;44.5;48.3;47.8;Planetographic  +East  0 - 360;;Theban war god.;Africa;Egypt;Approved;1997;1;10/01/2006;
Ganymede;MOR;GAAA3050N3260;Named formation;Crater;AA;MOR;Approuved by IAU in 1979;God;Phoenicia;Phoenician;Not appliable;Not appliable;Not appliable;Not appliable;Phoenician / spirit of the harvest.;32,60;32°36';30,50;30°30' North;41.3;41.3;Ganymede;4030;Mor;Mor;Crater, craters;AA;41.3;30.5;32.6;31,00;30.1;33.2;32.1;Planetographic  +East  0 - 360;;"Phoenician; spirit of the harvest.";Asia;Phoenician;Approved;1979;1;10/01/2006;
Ganymede;MOT;GAAA990N19410;Named formation;Crater;AA;MOT;Approuved by IAU in 1997;God;Phoenicia;Phoenician;Not appliable;Not appliable;Not appliable;Not appliable;Spirit of the harvest, one of the sons of El.;194,10;194°6';9,90;9°54' North;23.3;23.3;Ganymede;4051;Mot;Mot;Crater, craters;AA;23.3;9.9;194.1;10.2;9.7;194.3;193.8;Planetographic  +East  0 - 360;;Spirit of the harvest, one of the sons of El.;Asia;Phoenician;Approved;1997;1;10/01/2006;
Ganymede;MUSH;GAAA1510S24520;Named formation;Crater;AA;MUSH;Approuved by IAU in 1985;God;Sumer;Sumerian;Not appliable;Not appliable;Not appliable;Not appliable;Sumerian male deity / upper parts are human, lower parts a serpent.;245,20;245°12';-15,10;15°6' South;99.3;99.3;Ganymede;4078;Mush;Mush;Crater, craters;AA;99.3;-15.1;245.2;-14.2;-16.1;246.4;244.1;Planetographic  +East  0 - 360;;"Sumerian male deity; upper parts are human, lower parts a serpent.";Asia;Sumerian;Approved;1985;27;10/01/2006;
Ganymede;MYSIA SULCI;GASU700S35210;Named formation;Subparallel furrows and ridges;SU;MYSIA SULCI;Approuved by IAU in 1979;Non appliable;Greece;Greek;Not appliable;Not appliable;Not appliable;Not appliable;Greek / where Ganymede was abducted by an eagle.;352,10;352°6';-7,00;7°0' South;5 066,00;???;Ganymede;4089;Mysia Sulci;Mysia Sulci;Sulcus, sulci;SU;5 066,00;-7,00;352.1;18.2;-29,00;304.6;47,00;Planetographic  +East  0 - 360;;"Greek; where Ganymede was abducted by an eagle.";Europe;Greek;Approved;1979;1;10/01/2006;
Ganymede;NABU;GAAA4540S35880;Named formation;Crater;AA;NABU;Approuved by IAU in 1979;God;Sumer;Sumerian;Not appliable;Not appliable;Not appliable;Not appliable;Sumerian god of intellectual activity.;358,80;358°48';-45,40;45°24' South;40,00;40,00;Ganymede;4100;Nabu;Nabu;Crater, craters;AA;40,00;-45.4;358.8;-44.9;-45.8;359.4;358.1;Planetographic  +East  0 - 360;;Sumerian god of intellectual activity.;Asia;Sumerian;Approved;1979;1;10/01/2006;
Ganymede;NAH-HUNTE;GAAA1780S27480;Named formation;Crater;AA;NAH HUNTE;Approuved by IAU in 2000;God;Assyria & Babylon;Assyro-Babylonian;Not appliable;Not appliable;Not appliable;Not appliable;Elamite god of light and justice.;274,80;274°48';-17,80;17°48' South;49.4;49.4;Ganymede;4109;Nah-Hunte;Nah Hunte;Crater, craters;AA;49.4;-17.8;274.8;-17.3;-18.3;275.3;274.3;Planetographic  +East  0 - 360;;Elamite god of light and justice.;Asia;Assyro-Babylonian;Approved;2000;1;10/01/2006;
Ganymede;NAMTAR;GAAA5830S1920;Named formation;Crater;AA;NAMTAR;Approuved by IAU in 1979;God;Assyria & Babylon;Assyro-Babylonian;Not appliable;Not appliable;Not appliable;Not appliable;Assyro-Babylonian plague demon.;19,20;19°12';-58,30;58°18' South;49.2;49.2;Ganymede;4132;Namtar;Namtar;Crater, craters;AA;49.2;-58.3;19.2;-57.8;-58.8;20.2;18.2;Planetographic  +East  0 - 360;;Assyro-Babylonian plague demon.;Asia;Assyro-Babylonian;Approved;1979;1;10/01/2006;
Ganymede;NANNA;GAAA1760S11810;Named formation;Crater;AA;NANNA;Approuved by IAU in 1985;Demon;Sumer;Sumerian;Not appliable;Not appliable;Not appliable;Not appliable;Sumerian moon god / god of wisdom.;118,10;118°6';-17,60;17°36' South;56,00;56,00;Ganymede;4141;Nanna;Nanna;Crater, craters;AA;56,00;-17.6;118.1;-17.1;-18.2;118.7;117.4;Planetographic  +East  0 - 360;;"Sumerian moon god; god of wisdom.";Asia;Sumerian;Approved;1985;27;10/01/2006;
Ganymede;NANSHE CATENA;GACA1540N710;Named formation;Craters chain;CA;NANSHE CATENA;Approuved by IAU in 1997;Goddess;Assyria & Babylon;Assyro-Babylonian;Not appliable;Not appliable;Not appliable;Not appliable;Goddess of springs and canals, daughter of Enki.;7,10;7°6';15,40;15°24' North;103.8;???;Ganymede;4145;Nanshe Catena;Nanshe Catena;Catena, catenae;CA;103.8;15.4;7.1;16.5;14.3;7.7;6.4;Planetographic  +East  0 - 360;;Goddess of springs and canals, daughter of Enki.;Asia;Assyro-Babylonian;Approved;1997;1;10/01/2006;
Ganymede;NEFERTUM;GAAA4430N3890;Named formation;Crater;AA;NEFERTUM;Approuved by IAU in 1997;God;Egypt;Egyptian;Not appliable;Not appliable;Not appliable;Not appliable;Original divine son of the Memphis triad, son of Ptah.;38,90;38°54';44,30;44°18' North;28.7;28.7;Ganymede;4191;Nefertum;Nefertum;Crater, craters;AA;28.7;44.3;38.9;44.7;44,00;39.4;38.5;Planetographic  +East  0 - 360;;Original divine son of the Memphis triad, son of Ptah.;Africa;Egypt;Approved;1997;1;10/01/2006;
Ganymede;NEHEH;GAAA7210N29750;Named formation;Crater;AA;NEHEH;Approuved by IAU in 1985;God;Egypt;Egyptian;Not appliable;Not appliable;Not appliable;Not appliable;Egyptian god of eternity.;297,50;297°30';72,10;72°6' North;54,00;54,00;Ganymede;4194;Neheh;Neheh;Crater, craters;AA;54,00;72.1;297.5;72.7;71.5;299.5;295.3;Planetographic  +East  0 - 360;;Egyptian god of eternity.;Africa;Egypt;Approved;1985;27;10/01/2006;
Ganymede;NEITH;GAAA2940N35300;Named formation;Crater;AA;NEITH;Approuved by IAU in 1988;Goddess;Egypt;Egyptian;Not appliable;Not appliable;Not appliable;Not appliable;Egyptian warrior goddess / goddess of domestic arts.;353,00;353°0';29,40;29°24' North;87.6;87.6;Ganymede;4197;Neith;Neith;Crater, craters;AA;87.6;29.4;353,00;30.3;28.5;353.9;351.8;Planetographic  +East  0 - 360;;"Egyptian warrior goddess; goddess of domestic arts.";Africa;Egypt;Approved;1988;1;10/01/2006;
Ganymede;NERGAL;GAAA3860N15970;Named formation;Crater;AA;NERGAL;Approuved by IAU in 1997;God;Assyria & Babylon;Assyro-Babylonian;Not appliable;Not appliable;Not appliable;Not appliable;Assyro-babylonian king of the underworld.;159,70;159°42';38,60;38°36' North;9.6;9.6;Ganymede;4215;Nergal;Nergal;Crater, craters;AA;9.6;38.6;159.7;38.7;38.5;159.8;159.5;Planetographic  +East  0 - 360;;Assyro-babylonian king of the underworld.;Asia;Assyro-Babylonian;Approved;1997;1;10/01/2006;
Ganymede;NICHOLSON REGIO;GARE3350S35520;Named formation;Broad geographic region;RE;NICHOLSON REGIO;Approuved by IAU in 1979;Astronomer;USA;American;20;20th century;1891;1963;Seth Barnes / American astronomer (1891-1963).;355,20;355°12';-33,50;33°30' South;3 900,00;???;Ganymede;4250;Nicholson Regio;Nicholson Regio;Regio, regiones;RE;3 900,00;-33.5;355.2;-7.4;-50,00;302.6;43.1;Planetographic  +East  0 - 360;;"Seth Barnes; American astronomer (1891-1963).";North America;American;Approved;1979;68;10/01/2006;
Ganymede;NIDABA;GAAA1770N23680;Named formation;Crater;AA;NIDABA;Approuved by IAU in 1985;Goddess;Sumer;Sumerian;Not appliable;Not appliable;Not appliable;Not appliable;Sumerian grain goddess.;236,80;236°48';17,70;17°42' North;199.4;199.4;Ganymede;4254;Nidaba;Nidaba;Crater, craters;AA;199.4;17.7;236.8;19.9;15.4;239,00;234.4;Planetographic  +East  0 - 360;;Sumerian grain goddess.;Asia;Sumerian;Approved;1985;27;10/01/2006;
Ganymede;NIGIRSU;GAAA5820S3950;Named formation;Crater;AA;NIGIRSU;Approuved by IAU in 1979;God;Assyria & Babylon;Assyro-Babylonian;Not appliable;Not appliable;Not appliable;Not appliable;Assyro-Babylonian / god of the fields, war god.;39,50;39°30';-58,20;58°12' South;53.3;53.3;Ganymede;4263;Nigirsu;Nigirsu;Crater, craters;AA;53.3;-58.2;39.5;-57.7;-58.8;40.5;38.4;Planetographic  +East  0 - 360;;"Assyro-Babylonian; god of the fields, war god.";Asia;Assyro-Babylonian;Approved;1979;1;10/01/2006;
Ganymede;NINEVEH SULCUS;GASU2350N30690;Named formation;Subparallel furrows and ridges;SU;NINEVEH SULCUS;Approuved by IAU in 1997;Non appliable;Assyria & Babylon;Assyro-Babylonian;Not appliable;Not appliable;Not appliable;Not appliable;City where Ishtar was worshipped.;306,90;306°54';23,50;23°30' North;1 700,00;???;Ganymede;4288;Nineveh Sulcus;Nineveh Sulcus;Sulcus, sulci;SU;1 700,00;23.5;306.9;29.3;14.5;326.4;289.2;Planetographic  +East  0 - 360;;City where Ishtar was worshipped.;Asia;Assyro-Babylonian;Approved;1997;1;10/01/2006;
Ganymede;NINGISHZIDA;GAAA1410N17020;Named formation;Crater;AA;NINGISHZIDA;Approuved by IAU in 1997;God;Sumer;Sumerian;Not appliable;Not appliable;Not appliable;Not appliable;Sumerian vegetation god.;170,20;170°12';14,10;14°6' North;32,00;32,00;Ganymede;4290;Ningishzida;Ningishzida;Crater, craters;AA;32,00;14.1;170.2;14.5;13.8;170.5;169.8;Planetographic  +East  0 - 360;;Sumerian vegetation god.;Asia;Sumerian;Approved;1997;83;10/01/2006;
Ganymede;NINKASI;GAAA5920N31130;Named formation;Crater;AA;NINKASI;Approuved by IAU in 1988;Goddess;Sumer;Sumerian;Not appliable;Not appliable;Not appliable;Not appliable;Sumerian goddess of brewing.;311,30;311°18';59,20;59°12' North;81,00;81,00;Ganymede;4295;Ninkasi;Ninkasi;Crater, craters;AA;81,00;59.2;311.3;60.1;58.4;312.9;309.4;Planetographic  +East  0 - 360;;Sumerian goddess of brewing.;Asia;Sumerian;Approved;1988;83;10/01/2006;
Ganymede;NINKI;GAAA820S23950;Named formation;Crater;AA;NINKI;Approuved by IAU in 1985;God;Assyria & Babylon;Assyro-Babylonian;Not appliable;Not appliable;Not appliable;Not appliable;Consort to Ea, Babylonian god of water.;239,50;239°30';-8,20;8°12' South;194.2;194.2;Ganymede;4296;Ninki;Ninki;Crater, craters;AA;194.2;-8.2;239.5;-6.2;-10.4;241.3;237.3;Planetographic  +East  0 - 360;;Consort to Ea, Babylonian god of water.;Asia;Assyro-Babylonian;Approved;1985;1;10/01/2006;
Ganymede;NINLIL;GAAA620N24170;Named formation;Crater;AA;NINLIL;Approuved by IAU in 1985;Goddess;Assyria & Babylon;Assyro-Babylonian;Not appliable;Not appliable;Not appliable;Not appliable;Chief Assyrian goddess / Asshur's consort.;241,70;241°42';6,20;6°12' North;90.8;90.8;Ganymede;4297;Ninlil;Ninlil;Crater, craters;AA;90.8;6.2;241.7;7.3;5.3;242.7;240.7;Planetographic  +East  0 - 360;;"Chief Assyrian goddess; Asshur's consort.";Asia;Assyro-Babylonian;Approved;1985;1;10/01/2006;
Ganymede;NINSUM;GAAA1450S21940;Named formation;Crater;AA;NINSUM;Approuved by IAU in 1985;Goddess;Assyria & Babylon;Assyro-Babylonian;Not appliable;Not appliable;Not appliable;Not appliable;Minor Babylonian goddess of wisdom / Gilgamesh's mother.;219,40;219°24';-14,50;14°30' South;88.2;88.2;Ganymede;4299;Ninsum;Ninsum;Crater, craters;AA;88.2;-14.5;219.4;-13.5;-15.3;220.4;218.5;Planetographic  +East  0 - 360;;"Minor Babylonian goddess of wisdom; Gilgamesh's mother.";Asia;Assyro-Babylonian;Approved;1985;1;10/01/2006;
Ganymede;NIPPUR SULCUS;GASU3690N17500;Named formation;Subparallel furrows and ridges;SU;NIPPUR SULCUS;Approuved by IAU in 1985;Non appliable;Sumer;Sumerian;Not appliable;Not appliable;Not appliable;Not appliable;Sumerian city.;175,00;175°0';36,90;36°54' North;1 425,00;???;Ganymede;4306;Nippur Sulcus;Nippur Sulcus;Sulcus, sulci;SU;1 425,00;36.9;175,00;45.8;23.4;186.8;162,00;Planetographic  +East  0 - 360;;Sumerian city.;Asia;Sumerian;Approved;1985;27;10/01/2006;
Ganymede;NUN SULCI;GASU4950N4360;Named formation;Subparallel furrows and ridges;SU;NUN SULCI;Approuved by IAU in 1979;God;Egypt;Egyptian;Not appliable;Not appliable;Not appliable;Not appliable;Egyptian / chaos / primordial ocean / held germ of all things.;43,60;43°36';49,50;49°30' North;1 500,00;???;Ganymede;4356;Nun Sulci;Nun Sulci;Sulcus, sulci;SU;1 500,00;49.5;43.6;62.7;30.5;57.5;20,00;Planetographic  +East  0 - 360;;"Egyptian; chaos; primordial ocean; held germ of all things.";Africa;Egypt;Approved;1979;1;10/01/2006;
Ganymede;NUT;GAAA5430S9070;Named formation;Crater;AA;NUT;Approuved by IAU in 1979;Goddess;Egypt;Egyptian;Not appliable;Not appliable;Not appliable;Not appliable;Egyptian goddess of the sky.;90,70;90°42';-54,30;54°18' South;93,00;93,00;Ganymede;4364;Nut;Nut;Crater, craters;AA;93,00;-54.3;90.7;-53.3;-55.2;92.5;89.1;Planetographic  +East  0 - 360;;Egyptian goddess of the sky.;Africa;Egypt;Approved;1979;1;10/01/2006;
Ganymede;OMBOS FACULA;GAFA480N12400;Named formation;Bright spot;FA;OMBOS FACULA;Approuved by IAU in 1985;Non appliable;Egypt;Egyptian;Not appliable;Not appliable;Not appliable;Not appliable;Egyptian town where Sebek's triad worshipped / present Kom Ombo.;124,00;124°0';4,80;4°48' North;170,00;???;Ganymede;4457;Ombos Facula;Ombos Facula;Facula, faculae;FA;170,00;4.8;124,00;6.6;2.9;125.7;122,00;Planetographic  +East  0 - 360;;"Egyptian town where Sebek's triad worshipped; present Kom Ombo.";Africa;Egypt;Approved;1985;27;10/01/2006;
Ganymede;OSIRIS;GAAA3810S19360;Named formation;Crater;AA;OSIRIS;Approuved by IAU in 1979;God;Egypt;Egyptian;Not appliable;Not appliable;Not appliable;Not appliable;Egyptian god of the dead.;193,60;193°36';-38,10;38°6' South;107.7;107.7;Ganymede;4509;Osiris;Osiris;Crater, craters;AA;107.7;-38.1;193.6;-36.9;-39.2;195.1;192.2;Planetographic  +East  0 - 360;;Egyptian god of the dead.;Africa;Egypt;Approved;1979;1;10/01/2006;
Ganymede;PERRINE REGIO;GARE3320N32750;Named formation;Broad geographic region;RE;PERRINE REGIO;Approuved by IAU in 1979;Astronomer;USA;American;20;20th century;1867;1951;Charles D. / American astronomer (1867-1951).;327,50;327°30';33,20;33°12' North;3 800,00;???;Ganymede;4662;Perrine Regio;Perrine Regio;Regio, regiones;RE;3 800,00;33.2;327.5;51,00;11,00;285.3;14.6;Planetographic  +East  0 - 360;;"Charles D.; American astronomer (1867-1951).";North America;American;Approved;1979;68;10/01/2006;
Ganymede;PHILAE SULCUS;GASU6550N19100;Named formation;Subparallel furrows and ridges;SU;PHILAE SULCUS;Approuved by IAU in 1997;Non appliable;Assyria & Babylon;Assyro-Babylonian;Not appliable;Not appliable;Not appliable;Not appliable;Temple that was the chief sanctuary of Isis.;191,00;191°0';65,50;65°30' North;900,00;???;Ganymede;4688;Philae Sulcus;Philae Sulcus;Sulcus, sulci;SU;900,00;65.5;191,00;74.6;55.6;201,00;187,00;Planetographic  +East  0 - 360;;Temple that was the chief sanctuary of Isis.;Asia;Assyro-Babylonian;Approved;1997;1;10/01/2006;
Ganymede;PHILUS SULCUS;GASU4410N15050;Named formation;Subparallel furrows and ridges;SU;PHILUS SULCUS;Approuved by IAU in 1979;Non appliable;Greece;Greek;Not appliable;Not appliable;Not appliable;Not appliable;Greek / where Ganymede and Hebe were worshipped as rain-givers.;150,50;150°30';44,10;44°6' North;465,00;???;Ganymede;4694;Philus Sulcus;Philus Sulcus;Sulcus, sulci;SU;465,00;44.1;150.5;49,00;38.7;157.8;144.8;Planetographic  +East  0 - 360;;"Greek; where Ganymede and Hebe were worshipped as rain-givers.";Europe;Greek;Approved;1979;1;10/01/2006;
Ganymede;PHRYGIA SULCUS;GASU1240N33650;Named formation;Subparallel furrows and ridges;SU;PHRYGIA SULCUS;Approuved by IAU in 1979;Non appliable;Greece;Greek;Not appliable;Not appliable;Not appliable;Not appliable;Greek / kingdom in Asia Minor where Ganymede was born.;336,50;336°30';12,40;12°24' North;3 700,00;???;Ganymede;4712;Phrygia Sulcus;Phrygia Sulcus;Sulcus, sulci;SU;3 700,00;12.4;336.5;24,00;-7.5;299,00;17,00;Planetographic  +East  0 - 360;;"Greek; kingdom in Asia Minor where Ganymede was born.";Europe;Greek;Approved;1979;1;10/01/2006;
Ganymede;PTAH;GAAA6590S14300;Named formation;Crater;AA;PTAH;Approuved by IAU in 1988;God;Egypt;Egyptian;Not appliable;Not appliable;Not appliable;Not appliable;Sovereign god of Memphis / patron of artisans.;143,00;143°0';-65,90;65°54' South;30.2;30.2;Ganymede;4858;Ptah;Ptah;Crater, craters;AA;30.2;-65.9;143,00;-65.6;-66.2;143.7;142.2;Planetographic  +East  0 - 360;;"Sovereign god of Memphis; patron of artisans.";Africa;Egypt;Approved;1988;1;10/01/2006;
Ganymede;PUNT;GAAA2490S12010;Named formation;Crater;AA;PUNT;Approuved by IAU in 1997;Non appliable;Egypt;Egyptian;Not appliable;Not appliable;Not appliable;Not appliable;Land east of Egypt where Bes originated. Changed from Punt Facula.;120,10;120°6';-24,90;24°54' South;135,00;135,00;Ganymede;4869;Punt;Punt;Crater, craters;AA;135,00;-24.9;120.1;-23.5;-26.3;121.8;118.4;Planetographic  +East  0 - 360;;Land east of Egypt where Bes originated. Changed from Punt Facula.;Africa;Egypt;Approved;1997;1;10/01/2006;
Ganymede;RUTI;GAAA1320N5140;Named formation;Crater;AA;RUTI;Approuved by IAU in 1979;God;Phoenicia;Phoenician;Not appliable;Not appliable;Not appliable;Not appliable;Phoenician / Byblos god.;51,40;51°24';13,20;13°12' North;16,00;16,00;Ganymede;5242;Ruti;Ruti;Crater, craters;AA;16,00;13.2;51.4;13.4;13,00;51.5;51.2;Planetographic  +East  0 - 360;;"Phoenician; Byblos god.";Asia;Phoenician;Approved;1979;1;10/01/2006;
Ganymede;SALTU;GAAA1420S730;Named formation;Crater;AA;SALTU;Approuved by IAU in 2006;Goddess;Babylon;Babylonian;Not appliable;Not appliable;Not appliable;Not appliable;Babylonian goddess of discord and hostility.;7,30;7°18';-14,20;14°12' South;40,00;40,00;Ganymede;5286;Saltu;Saltu;Crater, craters;AA;40,00;-14.2;7.3;-13.7;-14.6;7.6;7,00;Planetographic  +East  0 - 360;;Babylonian goddess of discord and hostility.;Asia;Babylon;Approved;2006;83;10/01/2006;
Ganymede;SAPAS;GAAA5740N32610;Named formation;Crater;AA;SAPAS;Approuved by IAU in 1979;God;Assyria & Babylon;Assyro-Babylonian;Not appliable;Not appliable;Not appliable;Not appliable;Assyro-Babylonian / torch of the gods.;326,10;326°6';57,40;57°24' North;56,00;56,00;Ganymede;5317;Sapas;Sapas;Crater, craters;AA;56,00;57.4;326.1;58,00;56.8;327.2;324.9;Planetographic  +East  0 - 360;;"Assyro-Babylonian; torch of the gods.";Asia;Assyro-Babylonian;Approved;1979;1;10/01/2006;
Ganymede;SATI;GAAA3090N34720;Named formation;Crater;AA;SATI;Approuved by IAU in 1988;God;Egypt;Egyptian;Not appliable;Not appliable;Not appliable;Not appliable;Wife of Khnum, Egyptian god of the Cataracts.;347,20;347°12';30,90;30°54' North;94.7;94.7;Ganymede;5336;Sati;Sati;Crater, craters;AA;94.7;30.9;347.2;31.9;29.9;348.3;346,00;Planetographic  +East  0 - 360;;Wife of Khnum, Egyptian god of the Cataracts.;Africa;Egypt;Approved;1988;1;10/01/2006;
Ganymede;SEBEK;GAAA6120N310;Named formation;Crater;AA;SEBEK;Approuved by IAU in 1979;God;Egypt;Egyptian;Not appliable;Not appliable;Not appliable;Not appliable;Egyptian crocodile god.;3,10;3°6';61,20;61°12' North;65,00;65,00;Ganymede;5400;Sebek;Sebek;Crater, craters;AA;65,00;61.2;3.1;61.8;60.5;4.6;1.6;Planetographic  +East  0 - 360;;Egyptian crocodile god.;Africa;Egypt;Approved;1979;1;10/01/2006;
Ganymede;SEIMA;GAAA1710N14410;Named formation;Crater;AA;SEIMA;Approuved by IAU in 1985;Goddess;Aramea;Semitic;Not appliable;Not appliable;Not appliable;Not appliable;Mother goddess of the Arameans.;144,10;144°6';17,10;17°6' North;38,00;38,00;Ganymede;5412;Seima;Seima;Crater, craters;AA;38,00;17.1;144.1;17.5;16.7;144.4;143.6;Planetographic  +East  0 - 360;;Mother goddess of the Arameans.;Africa;Semitic;Approved;1985;27;10/01/2006;
Ganymede;SEKER;GAAA3920S1450;Named formation;Crater;AA;SEKER;Approuved by IAU in 1988;God;Egypt;Egyptian;Not appliable;Not appliable;Not appliable;Not appliable;Egyptian god of the dead at Memphis.;14,50;14°30';-39,20;39°12' South;103.4;103.4;Ganymede;5414;Seker;Seker;Crater, craters;AA;103.4;-39.2;14.5;-38.1;-40.3;16,00;13.1;Planetographic  +East  0 - 360;;Egyptian god of the dead at Memphis.;Africa;Egypt;Approved;1988;1;10/01/2006;
Ganymede;SELKET;GAAA1500N25420;Named formation;Crater;AA;SELKET;Approuved by IAU in 1985;Goddess;Egypt;Egyptian;Not appliable;Not appliable;Not appliable;Not appliable;Tutelary goddess who guarded intestines of the dead.;254,20;254°12';15,00;15°0' North;172.3;172.3;Ganymede;5419;Selket;Selket;Crater, craters;AA;172.3;15,00;254.2;17,00;13.2;255.9;252.3;Planetographic  +East  0 - 360;;Tutelary goddess who guarded intestines of the dead.;Africa;Egypt;Approved;1985;1;10/01/2006;
Ganymede;SERAPIS;GAAA1250S31590;Named formation;Crater;AA;SERAPIS;Approuved by IAU in 1997;God;Egypt;Egyptian;Not appliable;Not appliable;Not appliable;Not appliable;Egyptian healing god.;315,90;315°54';-12,50;12°30' South;169.3;169.3;Ganymede;5436;Serapis;Serapis;Crater, craters;AA;169.3;-12.5;315.9;-10.5;-14.3;317.6;314.2;Planetographic  +East  0 - 360;;Egyptian healing god.;Africa;Egypt;Approved;1997;146;10/01/2006;
Ganymede;SHU;GAAA4320N320;Named formation;Crater;AA;SHU;Approuved by IAU in 1988;God;Egypt;Egyptian;Not appliable;Not appliable;Not appliable;Not appliable;Egyptian god of air.;3,20;3°12';43,20;43°12' North;44.1;44.1;Ganymede;5503;Shu;Shu;Crater, craters;AA;44.1;43.2;3.2;43.7;42.7;3.8;2.5;Planetographic  +East  0 - 360;;Egyptian god of air.;Africa;Egypt;Approved;1988;1;10/01/2006;
Ganymede;SHURUPPAK SULCUS;GASU1930S12780;Named formation;Subparallel furrows and ridges;SU;SHURUPPAK SULCUS;Approuved by IAU in 2000;Non appliable;Assyria & Babylon;Assyro-Babylonian;Not appliable;Not appliable;Not appliable;Not appliable;Assyro-Babylonian town on the banks of the Euphrates River where the gods planned the great flood.;127,80;127°48';-19,30;19°18' South;2 800,00;???;Ganymede;5508;Shuruppak Sulcus;Shuruppak Sulcus;Sulcus, sulci;SU;2 800,00;-19.3;127.8;-4.2;-41.6;152.1;96.2;Planetographic  +East  0 - 360;;Assyro-Babylonian town on the banks of the Euphrates River where the gods planned the great flood.;Asia;Assyro-Babylonian;Approved;2000;1;10/01/2006;
Ganymede;SICYON SULCUS;GASU3270N34150;Named formation;Subparallel furrows and ridges;SU;SICYON SULCUS;Approuved by IAU in 1979;Non appliable;Greece;Greek;Not appliable;Not appliable;Not appliable;Not appliable;Greek / where Ganymede and Hebe were worshipped as rain-givers.;341,50;341°30';32,70;32°42' North;2 125,00;???;Ganymede;5516;Sicyon Sulcus;Sicyon Sulcus;Sulcus, sulci;SU;2 125,00;32.7;341.5;41.1;16.3;320,00;8.8;Planetographic  +East  0 - 360;;"Greek; where Ganymede and Hebe were worshipped as rain-givers.";Europe;Greek;Approved;1979;1;10/01/2006;
Ganymede;SIN;GAAA5290N250;Named formation;Crater;AA;SIN;Approuved by IAU in 1979;God;Babylon;Babylonian;Not appliable;Not appliable;Not appliable;Not appliable;Babylonian moon god.;2,50;2°30';52,90;52°54' North;19,00;19,00;Ganymede;5545;Sin;Sin;Crater, craters;AA;19,00;52.9;2.5;53.1;52.7;2.8;2.1;Planetographic  +East  0 - 360;;Babylonian moon god.;Asia;Babylon;Approved;1979;1;10/01/2006;
Ganymede;SIPPAR SULCUS;GASU1540S17070;Named formation;Subparallel furrows and ridges;SU;SIPPAR SULCUS;Approuved by IAU in 1985;Non appliable;Assyria & Babylon;Assyro-Babylonian;Not appliable;Not appliable;Not appliable;Not appliable;Ancient Babylonian town.;170,70;170°42';-15,40;15°24' South;1 508,00;???;Ganymede;5573;Sippar Sulcus;Sippar Sulcus;Sulcus, sulci;SU;1 508,00;-15.4;170.7;-6.9;-19.4;187.6;155.7;Planetographic  +East  0 - 360;;Ancient Babylonian town.;Asia;Assyro-Babylonian;Approved;1985;1;10/01/2006;
Ganymede;SIWAH FACULA;GAFA700N21690;Named formation;Bright spot;FA;SIWAH FACULA;Approuved by IAU in 1985;God;Egypt;Egyptian;Not appliable;Not appliable;Not appliable;Not appliable;Oasis oracle of Zeus-Ammon / visited by Alexander.;216,90;216°54';7,00;7°0' North;220,00;???;Ganymede;5589;Siwah Facula;Siwah Facula;Facula, faculae;FA;220,00;7,00;216.9;8.8;5.1;219.2;214.9;Planetographic  +East  0 - 360;;"Oasis oracle of Zeus-Ammon; visited by Alexander.";Africa;Egypt;Approved;1985;1;10/01/2006;
Ganymede;TAMMUZ;GAAA1340N12940;Named formation;Crater;AA;TAMMUZ;Approuved by IAU in 1985;God;Accadia;Akkadian (Accadian);Not appliable;Not appliable;Not appliable;Not appliable;Akkadian youthful god of vegetation / Ishtar's son.;129,40;129°24';13,40;13°24' North;51,00;51,00;Ganymede;5847;Tammuz;Tammuz;Crater, craters;AA;51,00;13.4;129.4;14,00;12.9;129.9;128.7;Planetographic  +East  0 - 360;;"Akkadian youthful god of vegetation; Ishtar's son.";Asia;Akkadian (Accadian);Approved;1985;27;10/01/2006;
Ganymede;TANIT;GAAA5750N32340;Named formation;Crater;AA;TANIT;Approuved by IAU in 1979;Goddess;Assyria & Babylon;Assyro-Babylonian;Not appliable;Not appliable;Not appliable;Not appliable;Assyro-Babylonian / Carthaginian goddess.;323,40;323°24';57,50;57°30' North;26,00;26,00;Ganymede;5855;Tanit;Tanit;Crater, craters;AA;26,00;57.5;323.4;57.8;57.2;323.9;322.8;Planetographic  +East  0 - 360;;"Assyro-Babylonian; Carthaginian goddess.";Asia;Assyro-Babylonian;Approved;1979;1;10/01/2006;
Ganymede;TASHMETUM;GAAA3970S9550;Named formation;Crater;AA;TASHMETUM;Approuved by IAU in 2000;Goddess;Assyria & Babylon;Assyro-Babylonian;Not appliable;Not appliable;Not appliable;Not appliable;Assyro-Babylonian goddess who invented writing with her husband Nabu.;95,50;95°30';-39,70;39°42' South;135,00;135,00;Ganymede;5879;Tashmetum;Tashmetum;Crater, craters;AA;135,00;-39.7;95.5;-38.1;-40.9;97.4;93.6;Planetographic  +East  0 - 360;;Assyro-Babylonian goddess who invented writing with her husband Nabu.;Asia;Assyro-Babylonian;Approved;2000;1;10/01/2006;
Ganymede;TA-URT;GAAA2760N5590;Named formation;Crater;AA;TA URT;Approuved by IAU in 1988;Goddess;Egypt;Egyptian;Not appliable;Not appliable;Not appliable;Not appliable;Egyptian childbirth goddess.;55,90;55°54';27,60;27°36' North;94.4;94.4;Ganymede;5809;Ta-urt;Ta urt;Crater, craters;AA;94.4;27.6;55.9;28.7;26.7;56.9;54.8;Planetographic  +East  0 - 360;;Egyptian childbirth goddess.;Africa;Egypt;Approved;1988;83;10/01/2006;
Ganymede;TERAH CATENA;GACA710N8250;Named formation;Craters chain;CA;TERAH CATENA;Approuved by IAU in 2000;God;Phoenicia;Phoenician;Not appliable;Not appliable;Not appliable;Not appliable;Phoenician moon god who battled with Keret in Negeb.;82,50;82°30';7,10;7°6' North;283,00;???;Ganymede;5923;Terah Catena;Terah Catena;Catena, catenae;CA;283,00;7.1;82.5;8.8;5.7;85.2;79.8;Planetographic  +East  0 - 360;;Phoenician moon god who battled with Keret in Negeb.;Asia;Phoenician;Approved;2000;1;10/01/2006;
Ganymede;TESHUB;GAAA6850S8040;Named formation;Crater;AA;TESHUB;Approuved by IAU in 1994;God;Elamite;Elamite;Not appliable;Not appliable;Not appliable;Not appliable;Elamite god of the tempest.;80,40;80°24';-68,50;68°30' South;188,00;188,00;Ganymede;5935;Teshub;Teshub;Crater, craters;AA;188,00;-68.5;80.4;-66.5;-70.6;85,00;75.6;Planetographic  +East  0 - 360;;Elamite god of the tempest.;Asia;Elamite;Approved;1994;1;10/01/2006;
Ganymede;TETTU FACULA;GAFA3760N19880;Named formation;Bright spot;FA;TETTU FACULA;Approuved by IAU in 1985;Non appliable;Egypt;Egyptian;Not appliable;Not appliable;Not appliable;Not appliable;Egyptian town where Hatmenit and Osiris were worshipped.;198,80;198°48';37,60;37°36' North;189,00;???;Ganymede;5939;Tettu Facula;Tettu Facula;Facula, faculae;FA;189,00;37.6;198.8;39.5;35.5;201.3;196.6;Planetographic  +East  0 - 360;;Egyptian town where Hatmenit and Osiris were worshipped.;Africa;Egypt;Approved;1985;27;10/01/2006;
Ganymede;THEBES FACULA;GAFA710N15760;Named formation;Bright spot;FA;THEBES FACULA;Approuved by IAU in 1985;Non appliable;Egypt;Egyptian;Not appliable;Not appliable;Not appliable;Not appliable;Ancient capitol of upper kingdom.;157,60;157°36';7,10;7°6' North;360,00;???;Ganymede;5956;Thebes Facula;Thebes Facula;Facula, faculae;FA;360,00;7.1;157.6;10.4;3.8;161.8;154.1;Planetographic  +East  0 - 360;;Ancient capitol of upper kingdom.;Africa;Egypt;Approved;1985;1;10/01/2006;
Ganymede;THOTH;GAAA4330S21280;Named formation;Crater;AA;THOTH;Approuved by IAU in 1985;God;Egypt;Egyptian;Not appliable;Not appliable;Not appliable;Not appliable;Egyptian moon god / invented all arts and sciences.;212,80;212°48';-43,30;43°18' South;102.5;102.5;Ganymede;5981;Thoth;Thoth;Crater, craters;AA;102.5;-43.3;212.8;-42.1;-44.3;214.2;211.4;Planetographic  +East  0 - 360;;"Egyptian moon god; invented all arts and sciences.";Africa;Egypt;Approved;1985;1;10/01/2006;
Ganymede;TIAMAT SULCUS;GASU340N15150;Named formation;Subparallel furrows and ridges;SU;TIAMAT SULCUS;Approuved by IAU in 1979;Non appliable;Assyria & Babylon;Assyro-Babylonian;Not appliable;Not appliable;Not appliable;Not appliable;Assyro-Babylonian / tumultuous sea from which everything was generated.;151,50;151°30';3,40;3°24' North;1 330,00;???;Ganymede;5991;Tiamat Sulcus;Tiamat Sulcus;Sulcus, sulci;SU;1 330,00;3.4;151.5;15.2;-8.7;159.2;140.3;Planetographic  +East  0 - 360;;"Assyro-Babylonian; tumultuous sea from which everything was generated.";Asia;Assyro-Babylonian;Approved;1979;1;10/01/2006;
Ganymede;TROS;GAAA1110N33270;Named formation;Crater;AA;TROS;Approuved by IAU in 1979;God;Greece;Greek;Not appliable;Not appliable;Not appliable;Not appliable;Greek / father of Ganymede.;332,70;332°42';11,10;11°6' North;93.9;93.9;Ganymede;6091;Tros;Tros;Crater, craters;AA;93.9;11.1;332.7;12.1;10.2;333.8;331.7;Planetographic  +East  0 - 360;;"Greek; father of Ganymede.";Europe;Greek;Approved;1979;19;10/01/2006;
Ganymede;UMMA SULCUS;GASU410N11000;Named formation;Subparallel furrows and ridges;SU;UMMA SULCUS;Approuved by IAU in 2000;Non appliable;Sumer;Sumerian;Not appliable;Not appliable;Not appliable;Not appliable;Sumerian town.;110,00;110°0';4,10;4°6' North;1 270,00;???;Ganymede;6220;Umma Sulcus;Umma Sulcus;Sulcus, sulci;SU;1 270,00;4.1;110,00;16,00;-7.1;119.5;102.8;Planetographic  +East  0 - 360;;Sumerian town.;Asia;Sumerian;Approved;2000;1;10/01/2006;
Ganymede;UPUANT;GAAA4640N4050;Named formation;Crater;AA;UPUANT;Approuved by IAU in 1997;God;Egypt;Egyptian;Not appliable;Not appliable;Not appliable;Not appliable;Jackal-headed warrior god, god of the dead.;40,50;40°30';46,40;46°24' North;16.5;16.5;Ganymede;6232;Upuant;Upuant;Crater, craters;AA;16.5;46.4;40.5;46.6;46.2;40.7;40.2;Planetographic  +East  0 - 360;;Jackal-headed warrior god, god of the dead.;Africa;Egypt;Approved;1997;1;10/01/2006;
Ganymede;UR SULCUS;GASU4980N18250;Named formation;Subparallel furrows and ridges;SU;UR SULCUS;Approuved by IAU in 1985;Non appliable;Sumer;Sumerian;Not appliable;Not appliable;Not appliable;Not appliable;Ancient Sumerian seat of moon worship.;182,50;182°30';49,80;49°48' North;1 145,00;???;Ganymede;6234;Ur Sulcus;Ur Sulcus;Sulcus, sulci;SU;1 145,00;49.8;182.5;60.7;36,00;190,00;175.4;Planetographic  +East  0 - 360;;Ancient Sumerian seat of moon worship.;Asia;Sumerian;Approved;1985;27;10/01/2006;
Ganymede;URUK SULCUS;GASU80N19970;Named formation;Subparallel furrows and ridges;SU;URUK SULCUS;Approuved by IAU in 1979;Non appliable;Babylon;Babylonian;Not appliable;Not appliable;Not appliable;Not appliable;Babylonian city ruled by Gilgamesh.;199,70;199°42';0,80;0°48' North;2 200,00;???;Ganymede;6246;Uruk Sulcus;Uruk Sulcus;Sulcus, sulci;SU;2 200,00;0.8;199.7;22.5;-14.5;220.2;180.1;Planetographic  +East  0 - 360;;Babylonian city ruled by Gilgamesh.;Asia;Babylon;Approved;1979;1;10/01/2006;
Ganymede;WE-ILA;GAAA1240S6970;Named formation;Crater;AA;WE ILA;Approuved by IAU in 2000;Hero;Accadia;Akkadian (Accadian);Not appliable;Not appliable;Not appliable;Not appliable;Akkadian god from whom the hero Atra-hasis was created.;69,70;69°42';-12,40;12°24' South;36.3;36.3;Ganymede;6503;We-ila;We ila;Crater, craters;AA;36.3;-12.4;69.7;-12.1;-12.8;70,00;69.2;Planetographic  +East  0 - 360;;Akkadian god from whom the hero Atra-hasis was created.;Asia;Akkadian (Accadian);Approved;2000;157;10/01/2006;
Ganymede;WEPWAWET;GAAA6990S30020;Named formation;Crater;AA;WEPWAWET;Approuved by IAU in 2000;God;Egypt;Egyptian;Not appliable;Not appliable;Not appliable;Not appliable;Ancient Egyptian jackal deity.;300,20;300°12';-69,90;69°54' South;87,00;87,00;Ganymede;6520;Wepwawet;Wepwawet;Crater, craters;AA;87,00;-69.9;300.2;-68.9;-70.9;302.9;297.5;Planetographic  +East  0 - 360;;Ancient Egyptian jackal deity.;Africa;Egypt;Approved;2000;157;10/01/2006;
Ganymede;XIBALBA SULCUS;GASU4380N28890;Named formation;Subparallel furrows and ridges;SU;XIBALBA SULCUS;Approuved by IAU in 1997;Non appliable;Maya;Mayan;Not appliable;Not appliable;Not appliable;Not appliable;"Mayan ""place of fright"" / destination of those who escaped violent death.";288,90;288°54';43,80;43°48' North;2 200,00;???;Ganymede;6611;Xibalba Sulcus;Xibalba Sulcus;Sulcus, sulci;SU;2 200,00;43.8;288.9;60.9;13.3;314.1;265.5;Planetographic  +East  0 - 360;;"Mayan ""place of fright""; destination of those who escaped violent death.";South and Central America;Mayan;Approved;1997;137;10/01/2006;
Ganymede;ZAKAR;GAAA3120N2630;Named formation;Crater;AA;ZAKAR;Approuved by IAU in 1997;God;Assyria;Assyrian;Not appliable;Not appliable;Not appliable;Not appliable;Assyrian supreme deity.;26,30;26°18';31,20;31°12' North;170,00;170,00;Ganymede;6692;Zakar;Zakar;Crater, craters;AA;170,00;31.2;26.3;32.9;29.4;28.5;24.2;Planetographic  +East  0 - 360;;Assyrian supreme deity.;Asia;Assyrian;Approved;1997;83;5/15/10;
Ganymede;ZAQAR;GAAA5820N32270;Named formation;Crater;AA;ZAQAR;Approuved by IAU in 1979;God;Assyria & Babylon;Assyro-Babylonian;Not appliable;Not appliable;Not appliable;Not appliable;Assyro-Babylonian / Sin's messenger who brought dreams to men.;322,70;322°42';58,20;58°12' North;33,00;33,00;Ganymede;6701;Zaqar;Zaqar;Crater, craters;AA;33,00;58.2;322.7;58.5;57.8;323.3;321.9;Planetographic  +East  0 - 360;;"Assyro-Babylonian; Sin's messenger who brought dreams to men.";Asia;Assyro-Babylonian;Approved;1979;1;10/01/2006;
Ganymede;ZU FOSSAE;GAFO3850N20950;Named formation;Long and narrow depression;FO;ZU FOSSAE;Approuved by IAU in 1985;Dragon;Assyria & Babylon;Assyro-Babylonian;Not appliable;Not appliable;Not appliable;Not appliable;Dragon of chaos slain by Marduk.;209,50;209°30';38,50;38°30' North;2 900,00;???;Ganymede;6756;Zu Fossae;Zu Fossae;Fossa, fossae;FO;2 900,00;38.5;209.5;62,00;0,00;247,00;180,00;Planetographic  +East  0 - 360;;Dragon of chaos slain by Marduk.;Asia;Assyro-Babylonian;Approved;1985;1;10/01/2006;
