BODY;NAME;PUN;NAMETYPE;TYPE;TYPECODE;NAMEDETAIL;NAMEORIGIN;WORK;COUNTRY;NATIONALTY;CENTURYN;CENTURYC;BIRTHDATE;DEATHDATE;FACTS;LONGIN;LONGIC;LATIN;LATIC;LENGTHKM;WIDEKM;Target;Feature_ID;Feature_Name;Clean_Feature_Name;Feature_Type;Feature_Type_Code;Diameter;Center_Latitude;Center_Longitude;Northern_Latitude;Southern_Latitude;Eastern_Longitude;Western_Longitude;Coordinate_System;Quad;Origin;Continent;Ethnicity;Approval_Status;Approval_Date;Reference;Last_Updated;Additional_Info
Ganymede;[DENDERA FACULA];GAFA0N10300;Formation nommée;Tache brillante;FA;DENDERA FACULA;Approuvé par l'UAI en 1985;Non applicable;Egypte;égyptien;Non applicable;Non applicable;Non applicable;Non applicable;Ville où Hathor était déesse-mère. Nom changé par l'UAI en Dendera.;103;103 ° 0 ' ;0;0 ° 0 '  Nord;114;???;Ganymede;6815;[Dendera Facula];Dendera Facula;Facula, faculae;FA;114;0;103;0;0;104.3;101.6;Planetographic  +East  0 - 360;;Town where Hathor was chief goddess. Name changed to Dendera.;Africa;Egypt;Dropped;1985;1;03.01.2007;
Ganymede;[KERET];GAAA1600N32480;Formation nommée;Cratère;AA;KERET;Approuvé par l'UAI en 1979;Héros;Phénicie;phénicien;Non applicable;Non applicable;Non applicable;Non applicable;Nom supprimé car la formation n'a pas été retrouvée sur les images récentes.;324.8;324 ° 48 ' ;16;16 ° 0 '  Nord;36;36;Ganymede;6855;[Keret];Keret;Crater, craters;AA;36;16;324.8;16;16;325.2;324.4;Planetographic  +East  0 - 360;;Phoenician hero. Name dropped because feature not found on imagery.;Asia;Phoenician;Dropped;1979;1;03.01.2007;
Ganymede;[KHNUM];GAAA1780S27480;Formation nommée;Cratère;AA;KHNUM;Approuvé par l'UAI en ???;Dieu;Egypte;égyptien;Non applicable;Non applicable;Non applicable;Non applicable;Dieu de la création à tête de bélier.;274.8;274 ° 48 ' ;-17.8;17 ° 48 '  Sud;45;45;Ganymede;6856;[Khnum];Khnum;Crater, craters;AA;45;-17.8;274.8;;;;;Planetographic  +East  0 - 360;;Egyptian ram-headed creation god. ;Africa;Egypt;Not Approved;???;1;3/27/07;Provisional name Khnum changed to Nah-Hunte because of duplication with Khnum Catena.
Ganymede;[PUNT FACULA];GAFA2610S11780;Formation nommée;Tache brillante;FA;PUNT FACULA;Approuvé par l'UAI en 1985;Non applicable;Egypte;égyptien;Non applicable;Non applicable;Non applicable;Non applicable;Terre à l'Est de l'Egypte d’où est originaire Bes. Nom changé en cratère Punt.;117.8;117 ° 48 ' ;-26.1;26 ° 6 '  Sud;228;???;Ganymede;6888;[Punt Facula];Punt Facula;Facula, faculae;FA;228;-26.1;117.8;-25.8;-26.4;120.6;115;Planetographic  +East  0 - 360;;Land east of Egypt where Bes originated. Changed to Punt (crater).;Africa;Egypt;Dropped;1985;1;03.01.2007;
Ganymede;[SAIS FACULA];GAFA3790N34580;Formation nommée;Tache brillante;FA;SAIS FACULA;Approuvé par l'UAI en 1988;Non applicable;Egypte;égyptien;Non applicable;Non applicable;Non applicable;Non applicable;Capitale de l'Egypte au milieu du 7ème siècle avant JC.;345.8;345 ° 48 ' ;37.9;37 ° 54 '  Nord;137;???;Ganymede;6900;[Sais Facula];Sais Facula;Facula, faculae;FA;137;37.9;345.8;38.1;37.8;347.4;344.1;Planetographic  +East  0 - 360;;Capital of Egypt in mid-7th century B.C.;Africa;Egypt;Dropped;1988;1;03.01.2007;
Ganymede;[WADJET];GAAA5380S9110;Formation nommée;Cratère;AA;WADJET;Approuvé par l'UAI en 2000;Déesse;Egypte;égyptien;Non applicable;Non applicable;Non applicable;Non applicable;Déesse égyptienne à t^te de cobra. Même cratère que Nut.;91.1;91 ° 6 ' ;-53.8;53 ° 48 '  Sud;100;100;Ganymede;6928;[Wadjet];Wadjet;Crater, craters;AA;100;-53.8;91.1;;;;;Planetographic  +East  0 - 360;;Egyptian cobra goddess. Same crater as Nut.;Africa;Egypt;Dropped;2000;127;04.09.2009;
Ganymede;ABYDOS FACULA;GAFA3340N20660;Formation nommée;Tache brillante;FA;ABYDOS FACULA;Approuvé par l'UAI en 1985;Non applicable;Egypte;égyptien;Non applicable;Non applicable;Non applicable;Non applicable;Ville égyptienne dans laquelle le dieu Osiris était adoré.;206.6;206 ° 36 ' ;33.4;33 ° 24 '  Nord;180;???;Ganymede;26;Abydos Facula;Abydos Facula;Facula, faculae;FA;180;33.4;206.6;34.8;31.6;208.6;204.2;Planetographic  +East  0 - 360;;Egyptian town where Osiris was worshipped.;Africa;Egypt;Approved;1985;1;10.01.2006;
Ganymede;ACHELOUS;GAAA6180N34830;Formation nommée;Cratère;AA;ACHELOUS;Approuvé par l'UAI en 1979;Dieu;Grèce;grec;Non applicable;Non applicable;Non applicable;Non applicable;Dieu des rivières grec. Père de callirrhoe, mère de Ganymède.;348.3;348 ° 18 ' ;61.8;61 ° 48 '  Nord;40;40;Ganymede;33;Achelous;Achelous;Crater, craters;AA;40;61.8;348.3;62.3;61.4;349.1;347.4;Planetographic  +East  0 - 360;;Greek river god. father of Callirrhoe, Ganymede's mother.;Europe;Greek;Approved;1979;19;10.01.2006;
Ganymede;ADAD;GAAA5750N190;Formation nommée;Cratère;AA;ADAD;Approuvé par l'UAI en 1979;Dieu;Assyrie & Babylone;Assyro-Babylonien;Non applicable;Non applicable;Non applicable;Non applicable;Dieu du tonnerre;1.9;1 ° 54 ' ;57.5;57 ° 30 '  Nord;39;39;Ganymede;42;Adad;Adad;Crater, craters;AA;39;57.5;1.9;57.8;57;2.3;1.4;Planetographic  +East  0 - 360;;Assyro-Babylonian god of thunder.;Asia;Assyro-Babylonian;Approved;1979;1;10.01.2006;
Ganymede;ADAPA;GAAA7310N32870;Formation nommée;Cratère;AA;ADAPA;Approuvé par l'UAI en 1979;Dieu;Assyrie & Babylone;Assyro-Babylonien;Non applicable;Non applicable;Non applicable;Non applicable;Dieu qui perdit son immortalité quand, sur lconseil d'Ea, il refusa la nourriture de la Vie.;328.7;328 ° 42 ' ;73.1;73 ° 6 '  Nord;56;56;Ganymede;49;Adapa;Adapa;Crater, craters;AA;56;73.1;328.7;73.7;72.5;330.7;326.6;Planetographic  +East  0 - 360;;Assyro-Babylonian. lost immortality when, at Ea's advice, he refused food of life.;Asia;Assyro-Babylonian;Approved;1979;1;10.01.2006;
Ganymede;AGREUS;GAAA1590N12730;Formation nommée;Cratère;AA;AGREUS;Approuvé par l'UAI en 1985;Dieu;Phénicie;phénicien;Non applicable;Non applicable;Non applicable;Non applicable;Chasseur divin à Tyre.;127.3;127 ° 18 ' ;15.9;15 ° 54 '  Nord;63;63;Ganymede;91;Agreus;Agreus;Crater, craters;AA;63;15.9;127.3;16.5;15.1;127.9;126.5;Planetographic  +East  0 - 360;;Hunter god in Tyre.;Asia;Phoenician;Approved;1985;27;10.01.2006;
Ganymede;AGROTES;GAAA6090N16750;Formation nommée;Cratère;AA;AGROTES;Approuvé par l'UAI en 1985;Dieu;Phénicie;phénicien;Non applicable;Non applicable;Non applicable;Non applicable;Dieu des fermiers.;167.5;167 ° 30 ' ;60.9;60 ° 54 '  Nord;74;74;Ganymede;94;Agrotes;Agrotes;Crater, craters;AA;74;60.9;167.5;61.6;60.2;169.2;165.4;Planetographic  +East  0 - 360;;Tyre. greatest god of Gebal. farmer god.;Asia;Phoenician;Approved;1985;27;10.01.2006;
Ganymede;AKHMIN FACULA;GAFA2770N17050;Formation nommée;Tache brillante;FA;AKHMIN FACULA;Approuvé par l'UAI en 1997;Non applicable;Egypte;égyptien;Non applicable;Non applicable;Non applicable;Non applicable;Ville égyptienne dans laquelle le dieu Min était adoré.;170.5;170 ° 30 ' ;27.7;27 ° 42 '  Nord;245;???;Ganymede;129;Akhmin Facula;Akhmin Facula;Facula, faculae;FA;245;27.7;170.5;30.3;25.6;173.3;167.4;Planetographic  +East  0 - 360;;Egyptian town where Min was worshipped.;Africa;Egypt;Approved;1997;1;10.01.2006;
Ganymede;AKITU SULCUS;GASU3890N16570;Formation nommée;Sillons & crêtes parallèles;SU;AKITU SULCUS;Approuvé par l'UAI en 1997;Non applicable;Assyrie & Babylone;Assyro-Babylonien;Non applicable;Non applicable;Non applicable;Non applicable;Endroit où la statue de Marduk était amenée.;165.7;165 ° 42 ' ;38.9;38 ° 54 '  Nord;365;???;Ganymede;134;Akitu Sulcus;Akitu Sulcus;Sulcus, sulci;SU;365;38.9;165.7;39.2;39;170.4;160.1;Planetographic  +East  0 - 360;;Where Marduk's statue was carried each year.;Asia;Assyro-Babylonian;Approved;1997;1;10.01.2006;
Ganymede;ALEYIN;GAAA1510N22590;Formation nommée;Cratère;AA;ALEYIN;Approuvé par l'UAI en 1997;Dieu;Phénicie;phénicien;Non applicable;Non applicable;Non applicable;Non applicable;Fils de Ba'al et esprit des sources.;225.9;225 ° 54 ' ;15.1;15 ° 6 '  Nord;12.4;12.4;Ganymede;179;Aleyin;Aleyin;Crater, craters;AA;12.4;15.1;225.9;15.3;15;226.1;225.8;Planetographic  +East  0 - 360;;Son of Ba'al, spirit of springs.;Asia;Phoenician;Approved;1997;1;10.01.2006;
Ganymede;AMMURA;GAAA3170N1760;Formation nommée;Cratère;AA;AMMURA;Approuvé par l'UAI en 1979;Dieu;Phénicie;phénicien;Non applicable;Non applicable;Non applicable;Non applicable;Dieu de l'Ouest;17.6;17 ° 36 ' ;31.7;31 ° 42 '  Nord;61.5;61.5;Ganymede;237;Ammura;Ammura;Crater, craters;AA;61.5;31.7;17.6;32.4;31.1;18.4;16.9;Planetographic  +East  0 - 360;;Phoenician. god of the west.;Asia;Phoenician;Approved;1979;1;10.01.2006;
Ganymede;AMON;GAAA3370N13930;Formation nommée;Cratère;AA;AMON;Approuvé par l'UAI en 1985;Dieu;Assyrie & Babylone;Assyro-Babylonien;Non applicable;Non applicable;Non applicable;Non applicable;Roi des dieux de Thèbes.;139.3;139 ° 18 ' ;33.7;33 ° 42 '  Nord;101.8;101.8;Ganymede;238;Amon;Amon;Crater, craters;AA;101.8;33.7;139.3;34.8;32.5;140.6;138;Planetographic  +East  0 - 360;;Theban king of gods.;Asia;Assyro-Babylonian;Approved;1985;1;10.01.2006;
Ganymede;AMSET;GAAA1440S18120;Formation nommée;Cratère;AA;AMSET;Approuvé par l'UAI en 1997;Dieu;Egypte;égyptien;Non applicable;Non applicable;Non applicable;Non applicable;Un des quatre dieux de la Mort, fils d'Horus.;181.2;181 ° 12 ' ;-14.4;14 ° 24 '  Sud;10.9;10.9;Ganymede;245;Amset;Amset;Crater, craters;AA;10.9;-14.4;181.2;-14.3;-14.6;181.4;181.1;Planetographic  +East  0 - 360;;One of the four gods of the dead, son of Horus.;Africa;Egypt;Approved;1997;83;10.01.2006;
Ganymede;ANAT;GAAA410S23210;Formation nommée;Cratère;AA;ANAT;Approuvé par l'UAI en 1985;Déesse;Assyrie & Babylone;Assyro-Babylonien;Non applicable;Non applicable;Non applicable;Non applicable;Déesse de l'humidité.;232.1;232 ° 6 ' ;-4.1;4 ° 6 '  Sud;2.9;2.9;Ganymede;251;Anat;Anat;Crater, craters;AA;2.9;-4.1;232.1;;;;;Planetographic  +East  0 - 360;;Assyro-Babylonian goddess of dew.;Asia;Assyro-Babylonian;Approved;1985;1;01.04.2008;Defines 128 degrees longitude on Ganymede.
Ganymede;ANDJETI;GAAA5280S19890;Formation nommée;Cratère;AA;ANDJETI;Approuvé par l'UAI en 1985;Dieu;Egypte;égyptien;Non applicable;Non applicable;Non applicable;Non applicable;Premier dieu de Busirus.;198.9;198 ° 54 ' ;-52.8;52 ° 48 '  Sud;52.5;52.5;Ganymede;262;Andjeti;Andjeti;Crater, craters;AA;52.5;-52.8;198.9;-52.2;-53.3;199.8;198;Planetographic  +East  0 - 360;;Egyptian. first god of Busirus.;Africa;Egypt;Approved;1985;1;10.01.2006;
Ganymede;ANHUR;GAAA3260N16770;Formation nommée;Cratère;AA;ANHUR;Approuvé par l'UAI en 1997;Dieu;Egypte;égyptien;Non applicable;Non applicable;Non applicable;Non applicable;Dieu guérrier.;167.7;167 ° 42 ' ;32.6;32 ° 36 '  Nord;25;25;Ganymede;276;Anhur;Anhur;Crater, craters;AA;25;32.6;167.7;32.9;32.4;168;167.4;Planetographic  +East  0 - 360;;Egyptian warrior god.;Africa;Egypt;Approved;1997;1;10.01.2006;
Ganymede;ANSHAR SULCUS;GASU1800N16210;Formation nommée;Sillons & crêtes parallèles;SU;ANSHAR SULCUS;Approuvé par l'UAI en 1979;Non applicable;Assyrie & Babylone;Assyro-Babylonien;Non applicable;Non applicable;Non applicable;Non applicable;Demeure céleste des dieux Lakhmu & Lakhamu;162.1;162 ° 6 ' ;18;18 ° 0 '  Nord;1372;???;Ganymede;290;Anshar Sulcus;Anshar Sulcus;Sulcus, sulci;SU;1372;18;162.1;28.6;9.1;174.3;148.9;Planetographic  +East  0 - 360;;Assyro-Babylonian. celestial-world home of Lakhmu and Lakhamu.;Asia;Assyro-Babylonian;Approved;1979;1;10.01.2006;
Ganymede;ANTUM;GAAA510N14110;Formation nommée;Cratère;AA;ANTUM;Approuvé par l'UAI en 1985;Dieu;Babylone;babylonien;Non applicable;Non applicable;Non applicable;Non applicable;femme d'Anu.;141.1;141 ° 6 ' ;5.1;5 ° 6 '  Nord;14.7;14.7;Ganymede;301;Antum;Antum;Crater, craters;AA;14.7;5.1;141.1;5.3;4.9;141.2;140.9;Planetographic  +East  0 - 360;;Babylonian. wife of Anu.;Asia;Babylon;Approved;1985;27;10.01.2006;
Ganymede;ANU;GAAA6520N1570;Formation nommée;Cratère;AA;ANU;Approuvé par l'UAI en 1979;Dieu;Sumer;sumérien;Non applicable;Non applicable;Non applicable;Non applicable;Dieu de la puissance des cieux.;15.7;15 ° 42 ' ;65.2;65 ° 12 '  Nord;55;55;Ganymede;302;Anu;Anu;Crater, craters;AA;55;65.2;15.7;65.8;64.7;17.1;14.3;Planetographic  +East  0 - 360;;Sumerian-Akkadian god of power, of heavens.;Asia;Sumerian;Approved;1979;1;10.01.2006;
Ganymede;ANUBIS;GAAA8420S23110;Formation nommée;Cratère;AA;ANUBIS;Approuvé par l'UAI en 1988;Dieu;Egypte;égyptien;Non applicable;Non applicable;Non applicable;Non applicable;Dieu à tête de chacal qui ouvrait les mondes souterrains aux défunts.;231.1;231 ° 6 ' ;-84.2;84 ° 12 '  Sud;113.8;113.8;Ganymede;303;Anubis;Anubis;Crater, craters;AA;113.8;-84.2;231.1;-83.2;-85.5;243.8;219.1;Planetographic  +East  0 - 360;;Egyptian jackal-headed god who opened the underworld to the dead.;Africa;Egypt;Approved;1988;1;10.01.2006;
Ganymede;ANZU;GAAA6350N29750;Formation nommée;Cratère;AA;ANZU;Approuvé par l'UAI en 2000;Dieu;Sumer;sumérien;Non applicable;Non applicable;Non applicable;Non applicable;Phénix sumérien. Gigantesque oiseau à tête de lion.;297.5;297 ° 30 ' ;63.5;63 ° 30 '  Nord;205;205;Ganymede;309;Anzu;Anzu;Crater, craters;AA;205;63.5;297.5;65.9;61.2;302.3;292.7;Planetographic  +East  0 - 360;;Gigantic lion-headed bird-like figure, the Sumerian Thunderbird.;Asia;Sumerian;Approved;2000;157;10.01.2006;
Ganymede;APOPHIS;GAAA800S8400;Formation nommée;Cratère;AA;APOPHIS;Approuvé par l'UAI en 2000;Dieu;Egypte;égyptien;Non applicable;Non applicable;Non applicable;Non applicable;Serpent gigantesque symbolisant le chaos et la non-existence.;84;84 ° 0 ' ;-8;8 ° 0 '  Sud;65;65;Ganymede;329;Apophis;Apophis;Crater, craters;AA;65;-8;84;-7.3;-8.7;84.7;83.3;Planetographic  +East  0 - 360;;Egyptian gigantic serpent symbolizing chaos or nonexistence.;Africa;Egypt;Approved;2000;157;10.01.2006;
Ganymede;APSU SULCI;GASU3940S12530;Formation nommée;Sillons & crêtes parallèles;SU;APSU SULCI;Approuvé par l'UAI en 1979;Dieu;Sumer;sumérien;Non applicable;Non applicable;Non applicable;Non applicable;Océan primordial.;125.3;125 ° 18 ' ;-39.4;39 ° 24 '  Sud;1950;???;Ganymede;331;Apsu Sulci;Apsu Sulci;Sulcus, sulci;SU;1950;-39.4;125.3;-30.5;-44.8;157.6;102.7;Planetographic  +East  0 - 360;;Sumero-Akkadian. primordial ocean.;Asia;Sumerian;Approved;1979;1;10.01.2006;
Ganymede;AQUARIUS SULCUS;GASU5240N35610;Formation nommée;Sillons & crêtes parallèles;SU;AQUARIUS SULCUS;Approuvé par l'UAI en 1979;Dieu;Grèce;grec;Non applicable;Non applicable;Non applicable;Non applicable;Constellation du verseau symbolisant Ganymède mis en place dans les cieux par Zeus.;356.1;356 ° 6 ' ;52.4;52 ° 24 '  Nord;1420;???;Ganymede;334;Aquarius Sulcus;Aquarius Sulcus;Sulcus, sulci;SU;1420;52.4;356.1;57.5;42.2;335.7;21.3;Planetographic  +East  0 - 360;;Greek. Zeus set Ganymede among the stars as the constellation of Aquarius, the water carrier.;Europe;Greek;Approved;1979;19;10.01.2006;
Ganymede;ARBELA SULCUS;GASU2110S1020;Formation nommée;Sillons & crêtes parallèles;SU;ARBELA SULCUS;Approuvé par l'UAI en 1985;Non applicable;Assyrie & Babylone;Assyro-Babylonien;Non applicable;Non applicable;Non applicable;Non applicable;Ville assyrienne dans laquelle la déesse Ishtar était adorée.;10.2;10 ° 12 ' ;-21.1;21 ° 6 '  Sud;1940;???;Ganymede;345;Arbela Sulcus;Arbela Sulcus;Sulcus, sulci;SU;1940;-21.1;10.2;-7.4;-35.5;26.7;360;Planetographic  +East  0 - 360;;Assyrian town where Ishtar was worshipped.;Asia;Assyro-Babylonian;Approved;1985;1;10.01.2006;
Ganymede;ASHÃ®MA;GAAA3910S23700;Formation nommée;Cratère;AA;ASHIMA;Approuvé par l'UAI en 1985;Dieu;Aramée;sémite;Non applicable;Non applicable;Non applicable;Non applicable;Dieu arabo-sémite du destin.;237;237 ° 0 ' ;-39.1;39 ° 6 '  Sud;84.2;84.2;Ganymede;426;AshÃ®ma;Ashima;Crater, craters;AA;84.2;-39.1;237;-38.2;-40;238.2;235.8;Planetographic  +East  0 - 360;;Semitic-Arab god of fate.;Asia;Semitic;Approved;1985;27;11/17/08;
Ganymede;ASSHUR;GAAA5420N2650;Formation nommée;Cratère;AA;ASSHUR;Approuvé par l'UAI en 1979;Dieu;Assyrie & Babylone;Assyro-Babylonien;Non applicable;Non applicable;Non applicable;Non applicable;Dieu guerrier.;26.5;26 ° 30 ' ;54.2;54 ° 12 '  Nord;25.6;25.6;Ganymede;435;Asshur;Asshur;Crater, craters;AA;25.6;54.2;26.5;54.5;53.9;27;26;Planetographic  +East  0 - 360;;Assyro-Babylonian warrior god.;Asia;Assyro-Babylonian;Approved;1979;1;10.01.2006;
Ganymede;ATRA-HASIS;GAAA2250N10580;Formation nommée;Cratère;AA;ATRA HASIS;Approuvé par l'UAI en 2000;Héros;Akkad;akkadien;Non applicable;Non applicable;Non applicable;Non applicable;Héros sage des mythes akkadiens qui survécut à la Grande Inondation.;105.8;105 ° 48 ' ;22.5;22 ° 30 '  Nord;125;125;Ganymede;459;Atra-hasis;Atra hasis;Crater, craters;AA;125;22.5;105.8;23.9;21.1;107.3;104.3;Planetographic  +East  0 - 360;;Exceedingly wise' hero of Akkadian myth, survived the great flood.;Asia;Akkadian (Accadian);Approved;2000;157;10.01.2006;
Ganymede;AYA;GAAA6830N3780;Formation nommée;Cratère;AA;AYA;Approuvé par l'UAI en 1979;Dieu;Assyrie & Babylone;Assyro-Babylonien;Non applicable;Non applicable;Non applicable;Non applicable;Femme de Shamash.;37.8;37 ° 48 ' ;68.3;68 ° 18 '  Nord;38;38;Ganymede;516;Aya;Aya;Crater, craters;AA;38;68.3;37.8;68.7;67.9;39;36.7;Planetographic  +East  0 - 360;;Assyro-Babylonian. wife of Shamash.;Asia;Assyro-Babylonian;Approved;1979;1;10.01.2006;
Ganymede;BA'AL;GAAA2490N3010;Formation nommée;Cratère;AA;BA AL;Approuvé par l'UAI en 1979;Dieu;Phénicie;phénicien;Non applicable;Non applicable;Non applicable;Non applicable;Dieu de Canaan.;30.1;30 ° 6 ' ;24.9;24 ° 54 '  Nord;43.2;43.2;Ganymede;649;Ba'al;Ba al;Crater, craters;AA;43.2;24.9;30.1;25.4;24.5;30.6;29.5;Planetographic  +East  0 - 360;;Phoenician. Canaanite god.;Asia;Phoenician;Approved;1979;1;10.01.2006;
Ganymede;BARNARD REGIO;GARE1070S34100;Formation nommée;Large région géographique;RE;Edward E. BARNARD;Approuvé par l'UAI en 1979;Astronome;USA;américain;19;19ème siècle;1857;1923;Nombreuses photographies de la Voie Lactée révèlant les nébuleuses obscures. Découvreur de 19 comètes et d'Amalthée, satellite de Jupiter.;341;341 ° 0 ' ;-10.7;10 ° 42 '  South;3200;???;Ganymede;610;Barnard Regio;Barnard Regio;Regio, regiones;RE;3200;-10.7;341;12;-28;309.3;11.6;Planetographic  +East  0 - 360;;Edward E.. American astronomer (1857-1923).;North America;American;Approved;1979;68;10.01.2006;
Ganymede;BAU;GAAA2300N31130;Formation nommée;Cratère;AA;BAU;Approuvé par l'UAI en 1988;Déesse;Assyrie & Babylone;Assyro-Babylonien;Non applicable;Non applicable;Non applicable;Non applicable;Déesse qui insufla la Vie à l'Homme, fille d'Anu et patronne de Lagash.;311.3;311 ° 18 ' ;23;23 ° 0 '  Nord;80.2;80.2;Ganymede;641;Bau;Bau;Crater, craters;AA;80.2;23;311.3;23.9;22.2;312.2;310.3;Planetographic  +East  0 - 360;;Goddess who breathed into men the breath of life. daughter of Anu and patroness of Lagash.;Asia;Assyro-Babylonian;Approved;1988;1;10.01.2006;
Ganymede;BES;GAAA2550S17910;Formation nommée;Cratère;AA;BES;Approuvé par l'UAI en 1985;Dieu;Egypte;égyptien;Non applicable;Non applicable;Non applicable;Non applicable;Dieu du marriage.;179.1;179 ° 6 ' ;-25.5;25 ° 30 '  Sud;61;61;Ganymede;717;Bes;Bes;Crater, craters;AA;61;-25.5;179.1;-24.8;-26.1;179.8;178.4;Planetographic  +East  0 - 360;;Egyptian god of marriage.;Africa;Egypt;Approved;1985;1;10.01.2006;
Ganymede;BIGEH FACULA;GAFA2900N26570;Formation nommée;Tache brillante;FA;BIGEH FACULA;Approuvé par l'UAI en 2000;Dieu;Egypte;égyptien;Non applicable;Non applicable;Non applicable;Non applicable;Ile où résidait Hapi, dieu du Nil.;265.7;265 ° 42 ' ;29;29 ° 0 '  Nord;224;???;Ganymede;742;Bigeh Facula;Bigeh Facula;Facula, faculae;FA;224;29;265.7;31.3;26.5;267.7;263.1;Planetographic  +East  0 - 360;;Island where Hapi, Egyptian Nile god, resided.;Africa;Egypt;Approved;2000;1;10.01.2006;
Ganymede;BUBASTIS SULCI;GASU7230S7710;Formation nommée;Sillons & crêtes parallèles;SU;BUBASTIS SULCI;Approuvé par l'UAI en 1988;Non applicable;Egypte;égyptien;Non applicable;Non applicable;Non applicable;Non applicable;Ville égyptienne dans laquelle le dieu Bast était adoré.;77.1;77 ° 6 ' ;-72.3;72 ° 18 '  Sud;2651;???;Ganymede;904;Bubastis Sulci;Bubastis Sulci;Sulcus, sulci;SU;2651;-72.3;77.1;-47.2;-75.6;80;60.5;Planetographic  +East  0 - 360;;Town in Egypt where Bast was worshipped.;Africa;Egypt;Approved;1988;1;10.01.2006;
Ganymede;BUSIRIS FACULA;GAFA1570N14460;Formation nommée;Tache brillante;FA;BUSIRIS FACULA;Approuvé par l'UAI en 1985;Non applicable;Egypte;égyptien;Non applicable;Non applicable;Non applicable;Non applicable;Ville de basse Egypte dans laquelle le dieu Osiris fut adorépour la première fois.;144.6;144 ° 36 ' ;15.7;15 ° 42 '  Nord;369;???;Ganymede;930;Busiris Facula;Busiris Facula;Facula, faculae;FA;369;15.7;144.6;19.5;11.6;148.8;140.8;Planetographic  +East  0 - 360;;Town in lower Egypt where Osiris was first installed as local god.;Africa;Egypt;Approved;1985;27;10.01.2006;
Ganymede;BUTO FACULA;GAFA1320N15650;Formation nommée;Tache brillante;FA;BUTO FACULA;Approuvé par l'UAI en 1985;Non applicable;Egypte;égyptien;Non applicable;Non applicable;Non applicable;Non applicable;Marécage où Isis cacha le corps d'Osiris.;156.5;156 ° 30 ' ;13.2;13 ° 12 '  Nord;245;???;Ganymede;935;Buto Facula;Buto Facula;Facula, faculae;FA;245;13.2;156.5;16;10.8;159.3;154.2;Planetographic  +East  0 - 360;;Swamp where Isis hid Osiris' body.;Africa;Egypt;Approved;1985;27;10.01.2006;
Ganymede;BYBLUS SULCUS;GASU3790N16010;Formation nommée;Sillons & crêtes parallèles;SU;BYBLUS SULCUS;Approuvé par l'UAI en 1997;Non applicable;Phénicie;phénicien;Non applicable;Non applicable;Non applicable;Non applicable;Anvienne cité où le dieu Adonis était adoré. ;160.1;;37.9;37 ° 54 '  Nord;645;???;Ganymede;940;Byblus Sulcus;Byblus Sulcus;Sulcus, sulci;SU;645;37.9;160.1;43.5;31.8;165.9;155.8;Planetographic  +East  0 - 360;;Ancient Phoenician city where Adonis was worshipped.;Asia;Phoenician;Approved;1997;83;5/15/10;
Ganymede;CHRYSOR;GAAA1530N22570;Formation nommée;Cratère;AA;CHRYSOR;Approuvé par l'UAI en 1997;Dieu;Phénicie;phénicien;Non applicable;Non applicable;Non applicable;Non applicable;Dieu inventeur des appats et des hameçons, le premier à naviguer.;225.7;225 ° 42 ' ;15.3;15 ° 18 '  Nord;6.9;6.9;Ganymede;1205;Chrysor;Chrysor;Crater, craters;AA;6.9;15.3;225.7;15.4;15.2;225.8;225.6;Planetographic  +East  0 - 360;;Phoenician god. inventor of bait, fishing hooks and line, first to sail.;Asia;Phoenician;Approved;1997;83;5/15/10;
Ganymede;CISTI;GAAA3170S29580;Formation nommée;Cratère;AA;CISTI;Approuvé par l'UAI en 1997;Dieu;Iran;iranien;Non applicable;Non applicable;Non applicable;Non applicable;Dieu de la guérison.;295.8;295 ° 48 ' ;-31.7;31 ° 42 '  Sud;69.6;69.6;Ganymede;1222;Cisti;Cisti;Crater, craters;AA;69.6;-31.7;295.8;-30.9;-32.4;296.7;294.9;Planetographic  +East  0 - 360;;Iranian healing god.;Asia;Iran;Approved;1997;146;10.01.2006;
Ganymede;COPTOS FACULA;GAFA990N15080;Formation nommée;Tache brillante;FA;COPTOS FACULA;Approuvé par l'UAI en 1985;Non applicable;Egypte;égyptien;Non applicable;Non applicable;Non applicable;Non applicable;Ancienne ville d'où partaient les caravanes.;150.8;150 ° 48 ' ;9.9;9 ° 54 '  Nord;329;???;Ganymede;1304;Coptos Facula;Coptos Facula;Facula, faculae;FA;329;9.9;150.8;13.4;6.3;154.5;147.5;Planetographic  +East  0 - 360;;Early town from which caravans departed.;Africa;Egypt;Approved;1985;27;10.01.2006;
Ganymede;DAMKINA;GAAA3000S35500;Formation nommée;Cratère;AA;DAMKINA;Approuvé par l'UAI en 2006;Dieu;Babylone;babylonien;Non applicable;Non applicable;Non applicable;Non applicable;Divinité du Ciel, mère des dieux at parfois citée comme mère de Marduk.;355;355 ° 0 ' ;-30;30 ° 0 '  Sud;180;180;Ganymede;14132;Damkina;Damkina;Crater, craters;AA;180;-30;355;-28.2;-32.4;357.4;352.4;Planetographic  +East  0 - 360;;Babylonian sky and health deity, queen of the gods, and mother of Marduk in some accounts. ;Asia;Babylon;Approved;2006;83;10.01.2006;
Ganymede;DANEL;GAAA430S33870;Formation nommée;Cratère;AA;DANEL;Approuvé par l'UAI en 1979;Héros;Phénicie;phénicien;Non applicable;Non applicable;Non applicable;Non applicable;Héros mythique versé dans l'art de la divination.;338.7;338 ° 42 ' ;-4.3;4 ° 18 '  Sud;55.2;55.2;Ganymede;1399;Danel;Danel;Crater, craters;AA;55.2;-4.3;338.7;-3.8;-4.9;339.4;338.1;Planetographic  +East  0 - 360;;Phoenician. mythical hero versed in art of divination.;Asia;Phoenician;Approved;1979;1;10.01.2006;
Ganymede;DARDANUS SULCUS;GASU4690S34250;Formation nommée;Sillons & crêtes parallèles;SU;DARDANUS SULCUS;Approuvé par l'UAI en 1979;Héros;Grèce;grec;Non applicable;Non applicable;Non applicable;Non applicable;Endroit où Ganymède fût enlevé par Jupiter qui s'était changé en aigle.;342.5;342 ° 30 ' ;-46.9;46 ° 54 '  Sud;2988;???;Ganymede;1413;Dardanus Sulcus;Dardanus Sulcus;Sulcus, sulci;SU;2988;-46.9;342.5;-14.8;-59.1;301.1;2.6;Planetographic  +East  0 - 360;;Greek. where Ganymede was abducted by Zeus disguised as an eagle.;Europe;Greek;Approved;1979;1;10.01.2006;
Ganymede;DENDERA;GAAA120S10460;Formation nommée;Cratère;AA;DENDERA;Approuvé par l'UAI en 2000;Non applicable;Egypte;égyptien;Non applicable;Non applicable;Non applicable;Non applicable;Ville dans laquelle Hathor était la déesse-mère.;104.6;104 ° 36 ' ;-1.2;1 ° 12 '  Sud;82.2;82.2;Ganymede;1487;Dendera;Dendera;Crater, craters;AA;82.2;-1.2;104.6;-0.2;-2;105.4;103.7;Planetographic  +East  0 - 360;;Town where Hathor was chief goddess. (Name changed from Dendera Facula.);Africa;Egypt;Approved;2000;1;10.01.2006;
Ganymede;DIMENT;GAAA2310N820;Formation nommée;Cratère;AA;DIMENT;Approuvé par l'UAI en 1979;Déesse;Egypte;égyptien;Non applicable;Non applicable;Non applicable;Non applicable;Déesse des demeures des Morts.;8.2;8 ° 12 ' ;23.1;23 ° 6 '  Nord;40.4;40.4;Ganymede;1536;Diment;Diment;Crater, craters;AA;40.4;23.1;8.2;23.5;22.7;8.7;7.8;Planetographic  +East  0 - 360;;Egyptian goddess of the dwelling place of the dead.;Africa;Egypt;Approved;1979;1;10.01.2006;
Ganymede;DUKUG SULCUS;GASU8350N35620;Formation nommée;Sillons & crêtes parallèles;SU;DUKUG SULCUS;Approuvé par l'UAI en 1985;Dieu;Sumer;sumérien;Non applicable;Non applicable;Non applicable;Non applicable;Chambre cosmique dans laquelle se tenait les dieux sumériens.;356.2;356 ° 12 ' ;83.5;83 ° 30 '  Nord;385;???;Ganymede;1659;Dukug Sulcus;Dukug Sulcus;Sulcus, sulci;SU;385;83.5;356.2;87.8;79.4;345.2;16.4;Planetographic  +East  0 - 360;;Sumerian holy cosmic chamber of the gods.;Asia;Sumerian;Approved;1985;1;10.01.2006;
Ganymede;EA;GAAA1770N21130;Formation nommée;Cratère;AA;EA;Approuvé par l'UAI en 1997;Dieu;Assyrie & Babylone;Assyro-Babylonien;Non applicable;Non applicable;Non applicable;Non applicable;Dieux de l'eau, de la prudence et de la terre.;211.3;211 ° 18 ' ;17.7;17 ° 42 '  Nord;19.1;19.1;Ganymede;1701;Ea;Ea;Crater, craters;AA;19.1;17.7;211.3;17.9;17.5;211.5;211.1;Planetographic  +East  0 - 360;;Assyro-babylonian god of water, wisdom, and the earth.;Asia;Assyro-Babylonian;Approved;1997;1;10.01.2006;
Ganymede;EDFU FACULA;GAFA2570N21290;Formation nommée;Tache brillante;FA;EDFU FACULA;Approuvé par l'UAI en 1985;Non applicable;Egypte;égyptien;Non applicable;Non applicable;Non applicable;Non applicable;Ville égyptienne dans laquelle le dieu Horus était adoré.;212.9;212 ° 54 ' ;25.7;25 ° 42 '  Nord;184;???;Ganymede;1720;Edfu Facula;Edfu Facula;Facula, faculae;FA;184;25.7;212.9;27.6;23.9;215.1;210.7;Planetographic  +East  0 - 360;;Egyptian town where Horus was worshipped.;Africa;Egypt;Approved;1985;1;10.01.2006;
Ganymede;EL;GAAA100N20860;Formation nommée;Cratère;AA;EL;Approuvé par l'UAI en 1997;Dieu;Phénicie;phénicien;Non applicable;Non applicable;Non applicable;Non applicable;Père des Hommes qui existait déjà avant la naissance des dieux.;208.6;208 ° 36 ' ;1;1 ° 0 '  Nord;54.3;54.3;Ganymede;1753;El;El;Crater, craters;AA;54.3;1;208.6;1.6;0.4;209.2;208.1;Planetographic  +East  0 - 360;;"Father of Men", existed before the birth of gods.;Asia;Phoenician;Approved;1997;1;10.01.2006;
Ganymede;ELAM SULCI;GASU5820N15970;Formation nommée;Sillons & crêtes parallèles;SU;ELAM SULCI;Approuvé par l'UAI en 1985;Non applicable;Babylone;babylonien;Non applicable;Non applicable;Non applicable;Non applicable;Ancien siège de l'adoration du Soleil.;159.7;159 ° 42 ' ;58.2;58 ° 12 '  Nord;1855;???;Ganymede;1755;Elam Sulci;Elam Sulci;Sulcus, sulci;SU;1855;58.2;159.7;77.5;38.5;179.2;129.2;Planetographic  +East  0 - 360;;Ancient Babylonian seat of sun worship, in present-day Iran.;Asia;Babylon;Approved;1985;27;10.01.2006;
Ganymede;ENKI CATENA;GACA3880N34640;Formation nommée;Chaîne de cratères;CA;ENKI CATENA;Approuvé par l'UAI en 1997;Dieu;Assyrie & Babylone;Assyro-Babylonien;Non applicable;Non applicable;Non applicable;Non applicable;Principal dieu des eaux.;346.4;346 ° 24 ' ;38.8;38 ° 48 '  Nord;161.3;???;Ganymede;1804;Enki Catena;Enki Catena;Catena, catenae;CA;161.3;38.8;346.4;39.6;38;348.5;344.4;Planetographic  +East  0 - 360;;Principal water god of the Apsu.;Asia;Assyro-Babylonian;Approved;1997;1;10.01.2006;
Ganymede;ENKIDU;GAAA2660S3480;Formation nommée;Cratère;AA;ENKIDU;Approuvé par l'UAI en 1982;Dieu;Assyrie & Babylone;Assyro-Babylonien;Non applicable;Non applicable;Non applicable;Non applicable;Ami de Gilgamesh.;34.8;34 ° 48 ' ;-26.6;26 ° 36 '  Sud;121.1;121.1;Ganymede;1805;Enkidu;Enkidu;Crater, craters;AA;121.1;-26.6;34.8;-25.4;-27.9;36.3;33.3;Planetographic  +East  0 - 360;;Friend of Gilgamesh.;Asia;Assyro-Babylonian;Approved;1982;1;10.01.2006;
Ganymede;ENLIL;GAAA5530N4780;Formation nommée;Cratère;AA;ENLIL;Approuvé par l'UAI en 1979;Dieu;Assyrie & Babylone;Assyro-Babylonien;Non applicable;Non applicable;Non applicable;Non applicable;Dieu de la nature, de l'air et des tempêtes.;47.8;47 ° 48 ' ;55.3;55 ° 18 '  Nord;34.4;34.4;Ganymede;1806;Enlil;Enlil;Crater, craters;AA;34.4;55.3;47.8;55.7;55;48.5;47.2;Planetographic  +East  0 - 360;;Assyro-Babylonian. nature god of the air, hurricanes, and nature.;Asia;Assyro-Babylonian;Approved;1979;1;10.01.2006;
Ganymede;EN-ZU;GAAA1160N19160;Formation nommée;Cratère;AA;EN ZU;Approuvé par l'UAI en 1997;Dieu;Babylone;babylonien;Non applicable;Non applicable;Non applicable;Non applicable;Dieu de la Lune.;191.6;191 ° 36 ' ;11.6;11 ° 36 '  Nord;5;5;Ganymede;1795;En-zu;En zu;Crater, craters;AA;5;11.6;191.6;;;;;Planetographic  +East  0 - 360;;Babylonian moon god.;Asia;Babylon;Approved;1997;83;10.01.2006;
Ganymede;EPIGEUS;GAAA2340N17940;Formation nommée;Cratère;AA;EPIGEUS;Approuvé par l'UAI en 1997;Dieu;Phénicie;phénicien;Non applicable;Non applicable;Non applicable;Non applicable;???;179.4;179 ° 24 ' ;23.4;23 ° 24 '  Nord;343;343;Ganymede;1816;Epigeus;Epigeus;Crater, craters;AA;343;23.4;179.4;28.9;19.1;183.3;175.7;Planetographic  +East  0 - 360;;Phoenician god.;Asia;Phoenician;Approved;1997;83;5/15/10;
Ganymede;ERECH SULCUS;GASU730S18080;Formation nommée;Sillons & crêtes parallèles;SU;ERECH SULCUS;Approuvé par l'UAI en 1985;Non applicable;Assyrie & Babylone;Assyro-Babylonien;Non applicable;Non applicable;Non applicable;Non applicable;Ville bâtie par Marduk.;180.8;180 ° 48 ' ;-7.3;7 ° 18 '  Sud;953;???;Ganymede;1822;Erech Sulcus;Erech Sulcus;Sulcus, sulci;SU;953;-7.3;180.8;2;-16.5;185.2;178.4;Planetographic  +East  0 - 360;;Akkadian town that was built by Marduk.;Asia;Assyro-Babylonian;Approved;1985;27;10.01.2006;
Ganymede;ERICHTHONIUS;GAAA1530S18470;Formation nommée;Cratère;AA;ERICHTHONIUS;Approuvé par l'UAI en 1997;Dieu;Grèce;grec;Non applicable;Non applicable;Non applicable;Non applicable;Père supposé de Ganymède.;184.7;184 ° 42 ' ;-15.3;15 ° 18 '  Sud;30.5;30.5;Ganymede;1825;Erichthonius;Erichthonius;Crater, craters;AA;30.5;-15.3;184.7;-15;-15.6;185;184.4;Planetographic  +East  0 - 360;;Possible father of Ganymede.;Europe;Greek;Approved;1997;1;10.01.2006;
Ganymede;ESHMUN;GAAA1740S16790;Formation nommée;Cratère;AA;ESHMUN;Approuvé par l'UAI en 1979;Dieu;Phénicie;phénicien;Non applicable;Non applicable;Non applicable;Non applicable;Divinité de Sidon.;167.9;167 ° 54 ' ;-17.4;17 ° 24 '  Sud;96.5;96.5;Ganymede;1845;Eshmun;Eshmun;Crater, craters;AA;96.5;-17.4;167.9;-16.4;-18.5;169;166.8;Planetographic  +East  0 - 360;;Phoenician. divinity of Sidon.;Asia;Phoenician;Approved;1979;1;10.01.2006;
Ganymede;ETANA;GAAA7470N1950;Formation nommée;Cratère;AA;ETANA;Approuvé par l'UAI en 1979;Dieu;Assyrie & Babylone;Assyro-Babylonien;Non applicable;Non applicable;Non applicable;Non applicable;Demanda à un aigle une herbe et lui donna un héritage.;19.5;19 ° 30 ' ;74.7;74 ° 42 '  Nord;44.5;44.5;Ganymede;1856;Etana;Etana;Crater, craters;AA;44.5;74.7;19.5;75.2;74.2;21.3;17.6;Planetographic  +East  0 - 360;;Assyro-Babylonian. asked the eagle for an herb to give him an heir.;Asia;Assyro-Babylonian;Approved;1979;1;10.01.2006;
Ganymede;GAD;GAAA1360S22240;Formation nommée;Cratère;AA;GAD;Approuvé par l'UAI en 1985;Dieu;Aramée;sémite;Non applicable;Non applicable;Non applicable;Non applicable;Dieu sémite du destin et de la chance.;222.4;222 ° 24 ' ;-13.6;13 ° 36 '  Sud;72.1;72.1;Ganymede;2051;Gad;Gad;Crater, craters;AA;72.1;-13.6;222.4;-12.9;-14.3;223.1;221.7;Planetographic  +East  0 - 360;;Semitic god of fate or good fortune.;Asia;Semitic;Approved;1985;27;10.01.2006;
Ganymede;GALILEO REGIO;GARE4700N23040;Formation nommée;Large région géographique;RE;Galileo GALILEI;Approuvé par l'UAI en 1979;Astronome;Italie;italien;16;16ème siècle;1564;1642;Fondateur de la mécanique moderne. Premier usage de la lunette sur les astres. Découvrit les taches du Soleil les satellites de Jupiter et le relief lunaire. Dut abjurer la rotation de la Terre autour du Soleil.;230.4;230 ° 24 ' ;47;47 ° 0 '  North;5000;???;Ganymede;2076;Galileo Regio;Galileo Regio;Regio, regiones;RE;5000;47;230.4;90;-12;295.7;180;Planetographic  +East  0 - 360;;Italian astronomer (1564-1642).;Europe;Italy;Approved;1979;68;10.01.2006;
Ganymede;GEB;GAAA5630N17740;Formation nommée;Cratère;AA;GEB;Approuvé par l'UAI en 1985;Dieu;Egypte;égyptien;Non applicable;Non applicable;Non applicable;Non applicable;Dieu de la terre à Héliopolis.;177.4;177 ° 24 ' ;56.3;56 ° 18 '  Nord;60;60;Ganymede;2127;Geb;Geb;Crater, craters;AA;60;56.3;177.4;57;55.7;178.4;176.1;Planetographic  +East  0 - 360;;Heliopolis Earth god.;Africa;Egypt;Approved;1985;1;10.01.2006;
Ganymede;GEINOS;GAAA1860N14060;Formation nommée;Cratère;AA;GEINOS;Approuvé par l'UAI en 1985;Dieu;Phénicie;phénicien;Non applicable;Non applicable;Non applicable;Non applicable;Dieu de la fabrication des briques à Tyre.;140.6;140 ° 36 ' ;18.6;18 ° 36 '  Nord;58;58;Ganymede;2134;Geinos;Geinos;Crater, craters;AA;58;18.6;140.6;19.1;18.1;141.2;139.9;Planetographic  +East  0 - 360;;Tyre. god of brick making.;Asia;Phoenician;Approved;1985;27;10.01.2006;
Ganymede;GILGAMESH;GAAA6280S23500;Formation nommée;Cratère;AA;GILGAMESH;Approuvé par l'UAI en 1979;Dieu;Assyrie & Babylone;Assyro-Babylonien;Non applicable;Non applicable;Non applicable;Non applicable;Dieu qui rechercha l'immortalité après la mort d'Enkidu.;235;235 ° 0 ' ;-62.8;62 ° 48 '  Sud;153;153;Ganymede;2161;Gilgamesh;Gilgamesh;Crater, craters;AA;153;-62.8;235;-61.4;-64.4;238.8;231.4;Planetographic  +East  0 - 360;;Assyro-Babylonian. sought immortality after Enkidu died.;Asia;Assyro-Babylonian;Approved;1979;1;10.01.2006;
Ganymede;GIR;GAAA3400N21430;Formation nommée;Cratère;AA;GIR;Approuvé par l'UAI en 1985;Dieu;Sumer;sumérien;Non applicable;Non applicable;Non applicable;Non applicable;Dieu de la chaleur de l'été.;214.3;214 ° 18 ' ;34;34 ° 0 '  Nord;73.2;73.2;Ganymede;2175;Gir;Gir;Crater, craters;AA;73.2;34;214.3;34.8;33.3;215.2;213.3;Planetographic  +East  0 - 360;;Sumerian god of summer heat.;Asia;Sumerian;Approved;1985;27;10.01.2006;
Ganymede;GULA;GAAA6410N34770;Formation nommée;Cratère;AA;GULA;Approuvé par l'UAI en 1979;Dieu;Assyrie & Babylone;Assyro-Babylonien;Non applicable;Non applicable;Non applicable;Non applicable;Dieu de la santé.;347.7;347 ° 42 ' ;64.1;64 ° 6 '  Nord;38;38;Ganymede;2275;Gula;Gula;Crater, craters;AA;38;64.1;347.7;64.5;63.7;348.6;346.7;Planetographic  +East  0 - 360;;Assyro-Babylonian. health god.;Asia;Assyro-Babylonian;Approved;1979;1;10.01.2006;
Ganymede;HALIEUS;GAAA3430N19290;Formation nommée;Cratère;AA;HALIEUS;Approuvé par l'UAI en 1985;Dieu;Phénicie;phénicien;Non applicable;Non applicable;Non applicable;Non applicable;Dieu des pêcheurs à Tyre.;192.9;192 ° 54 ' ;34.3;34 ° 18 '  Nord;91.6;91.6;Ganymede;2325;Halieus;Halieus;Crater, craters;AA;91.6;34.3;192.9;35.4;33.4;194.1;191.7;Planetographic  +East  0 - 360;;Tyre. fisherman god.;Asia;Phoenician;Approved;1985;27;10.01.2006;
Ganymede;HAPI;GAAA3060S14740;Formation nommée;Cratère;AA;HAPI;Approuvé par l'UAI en 1988;Dieu;Egypte;égyptien;Non applicable;Non applicable;Non applicable;Non applicable;Dieu du Nil.;147.4;147 ° 24 ' ;-30.6;30 ° 36 '  Sud;98.5;98.5;Ganymede;2358;Hapi;Hapi;Crater, craters;AA;98.5;-30.6;147.4;-29.5;-31.6;148.6;146.2;Planetographic  +East  0 - 360;;Egyptian god of the Nile.;Africa;Egypt;Approved;1988;1;10.01.2006;
Ganymede;HARAKHTES;GAAA3590N25980;Formation nommée;Cratère;AA;HARAKHTES;Approuvé par l'UAI en 2000;Dieu;Egypte;égyptien;Non applicable;Non applicable;Non applicable;Non applicable;Avatar du dieu Horus qui représente la trajectoire du Soleil.;259.8;259 ° 48 ' ;35.9;35 ° 54 '  Nord;108;108;Ganymede;2359;Harakhtes;Harakhtes;Crater, craters;AA;108;35.9;259.8;37;34.8;261.2;258.3;Planetographic  +East  0 - 360;;"Horus of the Two Horizons", form of Egyptian god Horus who represents the path of the sun.;Africa;Egypt;Approved;2000;1;10.01.2006;
Ganymede;HAROERIS;GAAA2850N6320;Formation nommée;Cratère;AA;HAROERIS;Approuvé par l'UAI en 2000;Dieu;Egypte;égyptien;Non applicable;Non applicable;Non applicable;Non applicable;Dieu du ciel dant les yeux sont le Soleil et la Lune, avatar d'Horus.;63.2;63 ° 12 ' ;28.5;28 ° 30 '  Nord;70;70;Ganymede;2369;Haroeris;Haroeris;Crater, craters;AA;70;28.5;63.2;29.2;27.8;64.1;62.3;Planetographic  +East  0 - 360;;Egyptian sky god whose eyes are the sun and the moon, a form of Horus.;Africa;Egypt;Approved;2000;1;10.01.2006;
Ganymede;HARPAGIA SULCUS;GASU1170S4130;Formation nommée;Sillons & crêtes parallèles;SU;HARPAGIA SULCUS;Approuvé par l'UAI en 1985;Non applicable;Grèce;grec;Non applicable;Non applicable;Non applicable;Non applicable;Endroit où Ganymèdefût enlevé par l'aigle.;41.3;41 ° 18 ' ;-11.7;11 ° 42 '  Sud;1792;???;Ganymede;2371;Harpagia Sulcus;Harpagia Sulcus;Sulcus, sulci;SU;1792;-11.7;41.3;-3.2;-26.3;54.5;21.9;Planetographic  +East  0 - 360;;Greek. where Ganymede was abducted an eagle.;Europe;Greek;Approved;1985;1;10.01.2006;
Ganymede;HATHOR;GAAA6690S9140;Formation nommée;Cratère;AA;HATHOR;Approuvé par l'UAI en 1979;Déesse;Egypte;égyptien;Non applicable;Non applicable;Non applicable;Non applicable;Déesse de la joie et de l'amour.;91.4;91 ° 24 ' ;-66.9;66 ° 54 '  Sud;173;173;Ganymede;2383;Hathor;Hathor;Crater, craters;AA;173;-66.9;91.4;-64.9;-68.8;96.3;86.6;Planetographic  +East  0 - 360;;Egyptian goddess of joy and love.;Africa;Egypt;Approved;1979;1;10.01.2006;
Ganymede;HAY-TAU;GAAA1450N22690;Formation nommée;Cratère;AA;HAY TAU;Approuvé par l'UAI en 1997;Dieu;Phénicie;phénicien;Non applicable;Non applicable;Non applicable;Non applicable;Esprit de la forêt et de la végétation.;226.9;226 ° 54 ' ;14.5;14 ° 30 '  Nord;26.9;26.9;Ganymede;2390;Hay-tau;Hay tau;Crater, craters;AA;26.9;14.5;226.9;14.8;14.2;227.2;226.6;Planetographic  +East  0 - 360;;Nega god, spirit of forest vegetation.;Asia;Phoenician;Approved;1997;1;10.01.2006;
Ganymede;HEDETET;GAAA3300S10890;Formation nommée;Cratère;AA;HEDETET;Approuvé par l'UAI en 2000;Déesse;Egypte;égyptien;Non applicable;Non applicable;Non applicable;Non applicable;Déesse à l'apparence de Scorpion.;108.9;108 ° 54 ' ;-33;33 ° 0 '  Sud;102.3;102.3;Ganymede;2408;Hedetet;Hedetet;Crater, craters;AA;102.3;-33;108.9;-31.9;-34.1;110.2;107.6;Planetographic  +East  0 - 360;;Egyptian scorpion goddess.;Africa;Egypt;Approved;2000;127;10.01.2006;
Ganymede;HELIOPOLIS FACULA;GAFA1850N21280;Formation nommée;Tache brillante;FA;HELIOPOLIS FACULA;Approuvé par l'UAI en 1997;Non applicable;Egypte;égyptien;Non applicable;Non applicable;Non applicable;Non applicable;Ville sacrée dédiée au Soleil.;212.8;212 ° 48 ' ;18.5;18 ° 30 '  Nord;50;???;Ganymede;2426;Heliopolis Facula;Heliopolis Facula;Facula, faculae;FA;50;18.5;212.8;19;18;213.3;212.5;Planetographic  +East  0 - 360;;Sacred Egyptian city of the sun.;Africa;Egypt;Approved;1997;83;10.01.2006;
Ganymede;HERMOPOLIS FACULA;GAFA2240N16470;Formation nommée;Tache brillante;FA;HERMOPOLIS FACULA;Approuvé par l'UAI en 1997;Non applicable;Egypte;égyptien;Non applicable;Non applicable;Non applicable;Non applicable;Endroit où Unut était adoré.;164.7;164 ° 42 ' ;22.4;22 ° 24 '  Nord;260;???;Ganymede;2472;Hermopolis Facula;Hermopolis Facula;Facula, faculae;FA;260;22.4;164.7;24.9;19.6;167.3;162.1;Planetographic  +East  0 - 360;;Place where Unut was worshipped.;Africa;Egypt;Approved;1997;27;10.01.2006;
Ganymede;HERSHEF;GAAA4730N9050;Formation nommée;Cratère;AA;HERSHEF;Approuvé par l'UAI en 2000;Dieu;Egypte;égyptien;Non applicable;Non applicable;Non applicable;Non applicable;Dieu à tête de bélier.;90.5;90 ° 30 ' ;47.3;47 ° 18 '  Nord;117.9;117.9;Ganymede;2480;Hershef;Hershef;Crater, craters;AA;117.9;47.3;90.5;48.6;46.2;92.4;88.7;Planetographic  +East  0 - 360;;Egyptian ram-headed god.;Africa;Egypt;Approved;2000;1;10.01.2006;
Ganymede;HUMBABA;GAAA5520S29270;Formation nommée;Cratère;AA;HUMBABA;Approuvé par l'UAI en 2000;Dieu;Bangladesh;bengali;Non applicable;Non applicable;Non applicable;Non applicable;Gardien terrifiant des forêts de cèdres.;292.7;292 ° 42 ' ;-55.2;55 ° 12 '  Sud;35;35;Ganymede;2581;Humbaba;Humbaba;Crater, craters;AA;35;-55.2;292.7;-54.8;-55.5;293.3;292.1;Planetographic  +East  0 - 360;;Babylonian terrifying guardian of the cedar forests.;Asia;Bangladesh;Approved;2000;1;10.01.2006;
Ganymede;HURSAG SULCUS;GASU970S12690;Formation nommée;Sillons & crêtes parallèles;SU;HURSAG SULCUS;Approuvé par l'UAI en 1985;Non applicable;Sumer;sumérien;Non applicable;Non applicable;Non applicable;Non applicable;Montagne où les vents demeurent.;126.9;126 ° 54 ' ;-9.7;9 ° 42 '  Sud;750;???;Ganymede;2588;Hursag Sulcus;Hursag Sulcus;Sulcus, sulci;SU;750;-9.7;126.9;-6.5;-15.6;134.6;119.3;Planetographic  +East  0 - 360;;Sumerian mountain where winds dwell.;Asia;Sumerian;Approved;1985;27;10.01.2006;
Ganymede;ILAH;GAAA2190N19940;Formation nommée;Cratère;AA;ILAH;Approuvé par l'UAI en 1985;Dieu;Sumer;sumérien;Non applicable;Non applicable;Non applicable;Non applicable;Premier du ciel.;199.4;199 ° 24 ' ;21.9;21 ° 54 '  Nord;79.6;79.6;Ganymede;2660;Ilah;Ilah;Crater, craters;AA;79.6;21.9;199.4;22.8;21.1;200.3;198.5;Planetographic  +East  0 - 360;;First Sumerian sky god.;Asia;Sumerian;Approved;1985;27;10.01.2006;
Ganymede;ILUS;GAAA1340S24970;Formation nommée;Cratère;AA;ILUS;Approuvé par l'UAI en 1985;Dieu;Grèce;grec;Non applicable;Non applicable;Non applicable;Non applicable;frère de Ganymède.;249.7;249 ° 42 ' ;-13.4;13 ° 24 '  Sud;90;90;Ganymede;2671;Ilus;Ilus;Crater, craters;AA;90;-13.4;249.7;-12.5;-14.4;250.8;248.5;Planetographic  +East  0 - 360;;Ganymede's brother.;Europe;Greek;Approved;1985;19;10.01.2006;
Ganymede;IRKALLA;GAAA3260S24530;Formation nommée;Cratère;AA;IRKALLA;Approuvé par l'UAI en 1985;Déesse;Sumer;sumérien;Non applicable;Non applicable;Non applicable;Non applicable;Déesse du monde souterrain entrevue en rêve par Enkidu.;245.3;245 ° 18 ' ;-32.6;32 ° 36 '  Sud;116.2;116.2;Ganymede;2719;Irkalla;Irkalla;Crater, craters;AA;116.2;-32.6;245.3;-31.4;-33.8;246.8;243.8;Planetographic  +East  0 - 360;;Sumerian goddess of underworld, seen by Enkidu in a dream.;Asia;Sumerian;Approved;1985;27;10.01.2006;
Ganymede;ISHKUR;GAAA30N35160;Formation nommée;Cratère;AA;ISHKUR;Approuvé par l'UAI en 1985;Dieu;Sumer;sumérien;Non applicable;Non applicable;Non applicable;Non applicable;Dieu de la pluie.;351.6;351 ° 36 ' ;0.3;0 ° 18 '  Nord;67.6;67.6;Ganymede;2731;Ishkur;Ishkur;Crater, craters;AA;67.6;0.3;351.6;1;-0.4;352.4;350.9;Planetographic  +East  0 - 360;;Sumerian god of rain.;Asia;Sumerian;Approved;1985;27;10.01.2006;
Ganymede;ISIMU;GAAA840N0;Formation nommée;Cratère;AA;ISIMU;Approuvé par l'UAI en 1985;Dieu;Sumer;sumérien;Non applicable;Non applicable;Non applicable;Non applicable;Dieu de la végétation.;0;0 ° 0 ' ;8.4;8 ° 24 '  Nord;89.5;89.5;Ganymede;2738;Isimu;Isimu;Crater, craters;AA;89.5;8.4;0;9.5;7.6;1;360;Planetographic  +East  0 - 360;;Sumerian god of vegetation.;Asia;Sumerian;Approved;1985;27;10.01.2006;
Ganymede;ISIS;GAAA6730S15890;Formation nommée;Cratère;AA;ISIS;Approuvé par l'UAI en 1979;Déesse;Egypte;égyptien;Non applicable;Non applicable;Non applicable;Non applicable;Femme d'Osiris.;158.9;158 ° 54 ' ;-67.3;67 ° 18 '  Sud;75.3;75.3;Ganymede;2740;Isis;Isis;Crater, craters;AA;75.3;-67.3;158.9;-66.5;-68.1;160.8;156.7;Planetographic  +East  0 - 360;;Egyptian goddess. wife of Osiris.;Africa;Egypt;Approved;1979;1;10.01.2006;
Ganymede;KADI;GAAA4770N18150;Formation nommée;Cratère;AA;KADI;Approuvé par l'UAI en 1985;Déesse;Babylone;babylonien;Non applicable;Non applicable;Non applicable;Non applicable;Déesse de la justice.;181.5;181 ° 30 ' ;47.7;47 ° 42 '  Nord;86.7;86.7;Ganymede;2881;Kadi;Kadi;Crater, craters;AA;86.7;47.7;181.5;48.6;46.8;182.9;180.2;Planetographic  +East  0 - 360;;Babylonian goddess of justice.;Asia;Babylon;Approved;1985;1;10.01.2006;
Ganymede;KHENSU;GAAA100N20710;Formation nommée;Cratère;AA;KHENSU;Approuvé par l'UAI en 1997;Dieu;Egypte;égyptien;Non applicable;Non applicable;Non applicable;Non applicable;Dieu de la Lune.;207.1;207 ° 6 ' ;1;1 ° 0 '  Nord;14.2;14.2;Ganymede;3008;Khensu;Khensu;Crater, craters;AA;14.2;1;207.1;1.2;0.9;207.2;206.9;Planetographic  +East  0 - 360;;Egyptian moon god.;Africa;Egypt;Approved;1997;83;10.01.2006;
Ganymede;KHEPRI;GAAA2040N21240;Formation nommée;Cratère;AA;KHEPRI;Approuvé par l'UAI en 1997;Dieu;Egypte;égyptien;Non applicable;Non applicable;Non applicable;Non applicable;Dieu des transformations.;212.4;212 ° 24 ' ;20.4;20 ° 24 '  Nord;47.1;47.1;Ganymede;3009;Khepri;Khepri;Crater, craters;AA;47.1;20.4;212.4;20.9;19.9;213;211.9;Planetographic  +East  0 - 360;;God of transformations for the Heliopitans.;Africa;Egypt;Approved;1997;1;10.01.2006;
Ganymede;KHNUM CATENA;GACA3290N1090;Formation nommée;Chaîne de cratères;CA;KHNUM CATENA;Approuvé par l'UAI en 1997;Dieu;Egypte;égyptien;Non applicable;Non applicable;Non applicable;Non applicable;Dieu de la création.;10.9;10 ° 54 ' ;32.9;32 ° 54 '  Nord;66;???;Ganymede;3010;Khnum Catena;Khnum Catena;Catena, catenae;CA;66;32.9;10.9;33.2;32.6;11.6;10;Planetographic  +East  0 - 360;;Egyptian creation god.;Africa;Egypt;Approved;1997;1;10.01.2006;
Ganymede;KHONSU;GAAA3750S16920;Formation nommée;Cratère;AA;KHONSU;Approuvé par l'UAI en 1988;Dieu;Egypte;égyptien;Non applicable;Non applicable;Non applicable;Non applicable;Dieu de la Lune.;169.2;169 ° 12 ' ;-37.5;37 ° 30 '  Sud;80;80;Ganymede;3012;Khonsu;Khonsu;Crater, craters;AA;80;-37.5;169.2;-36.6;-38.4;170.1;168.2;Planetographic  +East  0 - 360;;Egyptian moon god.;Africa;Egypt;Approved;1988;83;10.01.2006;
Ganymede;KHUMBAM;GAAA2410S2460;Formation nommée;Cratère;AA;KHUMBAM;Approuvé par l'UAI en 1979;Dieu;Assyrie & Babylone;Assyro-Babylonien;Non applicable;Non applicable;Non applicable;Non applicable;Dieu créateur élamite.;24.6;24 ° 36 ' ;-24.1;24 ° 6 '  Sud;56.9;56.9;Ganymede;3016;Khumbam;Khumbam;Crater, craters;AA;56.9;-24.1;24.6;-23.5;-24.7;25.3;24;Planetographic  +East  0 - 360;;Assyro-Babylonian. Elamite creator god.;Asia;Assyro-Babylonian;Approved;1979;1;10.01.2006;
Ganymede;KINGU;GAAA3480S13290;Formation nommée;Cratère;AA;KINGU;Approuvé par l'UAI en 1988;Dieu;Assyrie & Babylone;Assyro-Babylonien;Non applicable;Non applicable;Non applicable;Non applicable;Chef des forces de Tiamat dont le sang fût utilisé pour créer l'Homme.;132.9;132 ° 54 ' ;-34.8;34 ° 48 '  Sud;78;78;Ganymede;3040;Kingu;Kingu;Crater, craters;AA;78;-34.8;132.9;-33.9;-35.6;134;132;Planetographic  +East  0 - 360;;Assyro-Babylonian. conquered leader of Tiamat's forces whose blood was used to create man.;Asia;Assyro-Babylonian;Approved;1988;83;10.01.2006;
Ganymede;KISHAR;GAAA7260N1030;Formation nommée;Cratère;AA;KISHAR;Approuvé par l'UAI en 1979;Déesse;Assyrie & Babylone;Assyro-Babylonien;Non applicable;Non applicable;Non applicable;Non applicable;Déesse génitrice de la Terre.;10.3;10 ° 18 ' ;72.6;72 ° 36 '  Nord;79;79;Ganymede;3054;Kishar;Kishar;Crater, craters;AA;79;72.6;10.3;73.5;71.8;13.2;7.5;Planetographic  +East  0 - 360;;Assyro-Babylonian. terrestrial progenitor goddess.;Asia;Assyro-Babylonian;Approved;1979;1;10.01.2006;
Ganymede;KISHAR SULCUS;GASU640S14340;Formation nommée;Sillons & crêtes parallèles;SU;KISHAR SULCUS;Approuvé par l'UAI en 1979;Non applicable;Assyrie & Babylone;Assyro-Babylonien;Non applicable;Non applicable;Non applicable;Non applicable;Demeure terrestre des dieux Lakhmu & Lakhamu.;143.4;143 ° 24 ' ;-6.4;6 ° 24 '  Sud;1187;???;Ganymede;3055;Kishar Sulcus;Kishar Sulcus;Sulcus, sulci;SU;1187;-6.4;143.4;0.8;-13.2;154.6;131.2;Planetographic  +East  0 - 360;;Assyro-Babylonian. terrestrial-world home of Lakhmu and Lakhamu.;Asia;Assyro-Babylonian;Approved;1979;1;10.01.2006;
Ganymede;KITTU;GAAA40N2540;Formation nommée;Cratère;AA;KITTU;Approuvé par l'UAI en 1985;Dieu;Assyrie & Babylone;Assyro-Babylonien;Non applicable;Non applicable;Non applicable;Non applicable;Dieu de la justice.;25.4;25 ° 24 ' ;0.4;0 ° 24 '  Nord;15;15;Ganymede;3058;Kittu;Kittu;Crater, craters;AA;15;0.4;25.4;0.6;0.2;25.6;25.2;Planetographic  +East  0 - 360;;Assyro-Babylonian god of justice.;Asia;Assyro-Babylonian;Approved;1985;1;10.01.2006;
Ganymede;KULLA;GAAA3330N24620;Formation nommée;Cratère;AA;KULLA;Approuvé par l'UAI en 1985;Dieu;Sumer;sumérien;Non applicable;Non applicable;Non applicable;Non applicable;Dieu de la fabrication des briques.;246.2;246 ° 12 ' ;33.3;33 ° 18 '  Nord;92.4;92.4;Ganymede;3146;Kulla;Kulla;Crater, craters;AA;92.4;33.3;246.2;34.2;32.2;247.2;245.1;Planetographic  +East  0 - 360;;Sumerian god of brick making.;Asia;Sumerian;Approved;1985;27;10.01.2006;
Ganymede;LAGAMAL;GAAA6440N11520;Formation nommée;Cratère;AA;LAGAMAL;Approuvé par l'UAI en 2000;Dieu;Bangladesh;bengali;Non applicable;Non applicable;Non applicable;Non applicable;Fils de Ea.;115.2;115 ° 12 ' ;64.4;64 ° 24 '  Nord;131;131;Ganymede;3229;Lagamal;Lagamal;Crater, craters;AA;131;64.4;115.2;65.6;63.1;118.2;112.3;Planetographic  +East  0 - 360;;Son of Babylonian god Ea.;Asia;Bangladesh;Approved;2000;1;10.01.2006;
Ganymede;LAGASH SULCUS;GASU1090S19680;Formation nommée;Sillons & crêtes parallèles;SU;LAGASH SULCUS;Approuvé par l'UAI en 1985;Non applicable;Bangladesh;bengali;Non applicable;Non applicable;Non applicable;Non applicable;Ancienne ville babylonienne.;196.8;196 ° 48 ' ;-10.9;10 ° 54 '  Sud;1575;???;Ganymede;3231;Lagash Sulcus;Lagash Sulcus;Sulcus, sulci;SU;1575;-10.9;196.8;4.3;-21.5;207.3;185.7;Planetographic  +East  0 - 360;;Early Babylonian town.;Asia;Babylon;Approved;1985;1;10.01.2006;
Ganymede;LAKHAMU FOSSA;GAFO1160S13230;Formation nommée;Dépression longue et étroite;FO;LAKHAMU FOSSA;Approuvé par l'UAI en 1985;Dragon;Assyrie & Babylone;Assyro-Babylonien;Non applicable;Non applicable;Non applicable;Non applicable;Monstre, dragon ou force naturelle divine produit par Apsu & Tiamat.;132.3;132 ° 18 ' ;-11.6;11 ° 36 '  Sud;370;???;Ganymede;3241;Lakhamu Fossa;Lakhamu Fossa;Fossa, fossae;FO;370;-11.6;132.3;-9.9;-13.4;136.3;129.2;Planetographic  +East  0 - 360;;Dragon monster, or divine natural force produced by Apsu and Tiamat.;Asia;Assyro-Babylonian;Approved;1985;1;10.01.2006;
Ganymede;LAKHMU FOSSAE;GAFO5040N23200;Formation nommée;Dépression longue et étroite;FO;LAKHMU FOSSAE;Approuvé par l'UAI en 1985;Dragon;Assyrie & Babylone;Assyro-Babylonien;Non applicable;Non applicable;Non applicable;Non applicable;Monstre, dragon ou force naturelle divine produit par Apsu & Tiamat.;232;232 ° 0 ' ;50.4;50 ° 24 '  Nord;3700;???;Ganymede;3242;Lakhmu Fossae;Lakhmu Fossae;Fossa, fossae;FO;3700;50.4;232;80;-1.5;275;180;Planetographic  +East  0 - 360;;Dragon monster, or divine natural force produced by Apsu and Tiamat.;Asia;Assyro-Babylonian;Approved;1985;1;10.01.2006;
Ganymede;LARSA SULCUS;GASU380N11130;Formation nommée;Sillons & crêtes parallèles;SU;LARSA SULCUS;Approuvé par l'UAI en 2000;Non applicable;Sumer;sumérien;Non applicable;Non applicable;Non applicable;Non applicable;;111.3;111 ° 18 ' ;3.8;3 ° 48 '  Nord;1000;???;Ganymede;3283;Larsa Sulcus;Larsa Sulcus;Sulcus, sulci;SU;1000;3.8;111.3;5.6;0.9;121.2;100.8;Planetographic  +East  0 - 360;;Sumerian town.;Asia;Sumerian;Approved;2000;1;10.01.2006;
Ganymede;LATPON;GAAA5880N18880;Formation nommée;Cratère;AA;LATPON;Approuvé par l'UAI en 1997;Dieu;Phénicie;phénicien;Non applicable;Non applicable;Non applicable;Non applicable;Un des fils de El.;188.8;188 ° 48 ' ;58.8;58 ° 48 '  Nord;42;42;Ganymede;3294;Latpon;Latpon;Crater, craters;AA;42;58.8;188.8;59.2;58.3;189.5;188;Planetographic  +East  0 - 360;;One of the sons of El.;Asia;Phoenician;Approved;1997;1;10.01.2006;
Ganymede;LUGALMESLAM;GAAA2380N16620;Formation nommée;Cratère;AA;LUGALMESLAM;Approuvé par l'UAI en 1997;Dieu;Sumer;sumérien;Non applicable;Non applicable;Non applicable;Non applicable;Dieu du monde souterrain.;166.2;166 ° 12 ' ;23.8;23 ° 48 '  Nord;65.1;65.1;Ganymede;3510;Lugalmeslam;Lugalmeslam;Crater, craters;AA;65.1;23.8;166.2;24.4;23.1;166.9;165.4;Planetographic  +East  0 - 360;;Sumerian god of the underworld.;Asia;Sumerian;Approved;1997;27;10.01.2006;
Ganymede;LUMHA;GAAA3600N20570;Formation nommée;Cratère;AA;LUMHA;Approuvé par l'UAI en 1985;Dieu;Assyrie & Babylone;Assyro-Babylonien;Non applicable;Non applicable;Non applicable;Non applicable;Titre d'Elki en temps que patron des chanteurs. Egalement prêtre babylonien.;205.7;205 ° 42 ' ;36;36 ° 0 '  Nord;57.8;57.8;Ganymede;3514;Lumha;Lumha;Crater, craters;AA;57.8;36;205.7;36.6;35.4;206.4;205;Planetographic  +East  0 - 360;;Title of Enki as patron of singers. also Babylonian priest.;Asia;Assyro-Babylonian;Approved;1985;27;10.01.2006;
Ganymede;MAA;GAAA130N15640;Formation nommée;Cratère;AA;MAA;Approuvé par l'UAI en 1997;Dieu;Egypte;égyptien;Non applicable;Non applicable;Non applicable;Non applicable;Dieu du sens de la vue.;156.4;156 ° 24 ' ;1.3;1 ° 18 '  Nord;31.7;31.7;Ganymede;3546;Maa;Maa;Crater, craters;AA;31.7;1.3;156.4;1.7;1;156.7;156.1;Planetographic  +East  0 - 360;;Egyptian god of the sense of sight.;Africa;Egypt;Approved;1997;143;10.01.2006;
Ganymede;MARIUS REGIO;GARE680N17880;Formation nommée;Large région géographique;RE;Simon MARIUS;Approuvé par l'UAI en 1979;Astronome;Allemagne;allemand;16;16ème siècle;1570;1624;Découvreur des 4 gros satellites de Jupiter indépendamment de Galilée et inventeur de leurs noms. 1er observateur occidental de la galaxie d'Andromède.;178.8;178 ° 48 ' ;6.8;6 ° 48 '  North;4000;???;Ganymede;3716;Marius Regio;Marius Regio;Regio, regiones;RE;4000;6.8;178.8;47;-23;217;137.3;Planetographic  +East  0 - 360;;Simon. German astronomer (1570-1624).;Europe;Germany;Approved;1979;68;10.01.2006;
Ganymede;MASHU SULCUS;GASU2980N15430;Formation nommée;Sillons & crêtes parallèles;SU;MASHU SULCUS;Approuvé par l'UAI en 1979;Non applicable;Assyrie & Babylone;Assyro-Babylonien;Non applicable;Non applicable;Non applicable;Non applicable;Montagne à deux pics où les vents se lèvent.;154.3;154 ° 18 ' ;29.8;29 ° 48 '  Nord;2960;???;Ganymede;3739;Mashu Sulcus;Mashu Sulcus;Sulcus, sulci;SU;2960;29.8;154.3;51;14.9;184.2;118.6;Planetographic  +East  0 - 360;;Assyro-Babylonian. mountain with twin peaks where sun rose and set.;Asia;Assyro-Babylonian;Approved;1979;22;10.01.2006;
Ganymede;MEHIT;GAAA2900N19560;Formation nommée;Cratère;AA;MEHIT;Approuvé par l'UAI en 1985;Déesse;Egypte;égyptien;Non applicable;Non applicable;Non applicable;Non applicable;Déesse à tête de lion, femme d'Anhur.;195.6;195 ° 36 ' ;29;29 ° 0 '  Nord;47.2;47.2;Ganymede;3804;Mehit;Mehit;Crater, craters;AA;47.2;29;195.6;29.5;28.5;196.2;195.1;Planetographic  +East  0 - 360;;Egyptian lion-headed goddess. Anhur's wife.;Africa;Egypt;Approved;1985;27;10.01.2006;
Ganymede;MELKART;GAAA990S17380;Formation nommée;Cratère;AA;MELKART;Approuvé par l'UAI en 1979;Dieu;Phénicie;phénicien;Non applicable;Non applicable;Non applicable;Non applicable;Divinité de Tyre.;173.8;173 ° 48 ' ;-9.9;9 ° 54 '  Sud;105;105;Ganymede;3820;Melkart;Melkart;Crater, craters;AA;105;-9.9;173.8;-8.8;-10.9;175.1;172.7;Planetographic  +East  0 - 360;;Phoenician. divinity of Tyre.;Asia;Phoenician;Approved;1979;1;10.01.2006;
Ganymede;MEMPHIS FACULA;GAFA1410N22810;Formation nommée;Tache brillante;FA;MEMPHIS FACULA;Approuvé par l'UAI en 1985;Non applicable;Egypte;égyptien;Non applicable;Non applicable;Non applicable;Non applicable;Ancienne capitale du Royaume du Sud de l'Egypte.;228.1;228 ° 6 ' ;14.1;14 ° 6 '  Nord;361;???;Ganymede;3829;Memphis Facula;Memphis Facula;Facula, faculae;FA;361;14.1;228.1;18;10.4;232.2;224.1;Planetographic  +East  0 - 360;;Ancient capitol of lower kingdom.;Africa;Egypt;Approved;1985;1;10.01.2006;
Ganymede;MENHIT;GAAA3650S21950;Formation nommée;Cratère;AA;MENHIT;Approuvé par l'UAI en 2006;Déesse;Egypte;égyptien;Non applicable;Non applicable;Non applicable;Non applicable;Lion égyptien et déesse de la guerre.;219.5;219 ° 30 ' ;-36.5;36 ° 30 '  Sud;140;140;Ganymede;14133;Menhit;Menhit;Crater, craters;AA;140;-36.5;219.5;-35;-37.8;221.1;218;Planetographic  +East  0 - 360;;Egyptian lion and war goddess.;Africa;Egypt;Approved;2006;127;10.01.2006;
Ganymede;MIN;GAAA2920N35880;Formation nommée;Cratère;AA;MIN;Approuvé par l'UAI en 1988;Dieu;Egypte;égyptien;Non applicable;Non applicable;Non applicable;Non applicable;Dieu de la fertilité.;358.8;358 ° 48 ' ;29.2;29 ° 12 '  Nord;33.1;33.1;Ganymede;3908;Min;Min;Crater, craters;AA;33.1;29.2;358.8;29.6;28.9;359.2;358.4;Planetographic  +East  0 - 360;;Egyptian fertility god.;Africa;Egypt;Approved;1988;1;10.01.2006;
Ganymede;MIR;GAAA330S12970;Formation nommée;Cratère;AA;MIR;Approuvé par l'UAI en 1985;Dieu;Aramée;sémite;Non applicable;Non applicable;Non applicable;Non applicable;Dieu sémite du vent.;129.7;129 ° 42 ' ;-3.3;3 ° 18 '  Sud;8;8;Ganymede;3918;Mir;Mir;Crater, craters;AA;8;-3.3;129.7;-3.2;-3.4;129.9;129.6;Planetographic  +East  0 - 360;;West Semitic god of wind.;Asia;Semitic;Approved;1985;27;10.01.2006;
Ganymede;MISHARU;GAAA440S2410;Formation nommée;Cratère;AA;MISHARU;Approuvé par l'UAI en 1985;Dieu;Assyrie & Babylone;Assyro-Babylonien;Non applicable;Non applicable;Non applicable;Non applicable;Dieu de la loi.;24.1;24 ° 6 ' ;-4.4;4 ° 24 '  Sud;88;88;Ganymede;3925;Misharu;Misharu;Crater, craters;AA;88;-4.4;24.1;-3.4;-5.2;25;23.1;Planetographic  +East  0 - 360;;Assyro-Babylonian god of law.;Asia;Assyro-Babylonian;Approved;1985;1;10.01.2006;
Ganymede;MONT;GAAA4460N4810;Formation nommée;Cratère;AA;MONT;Approuvé par l'UAI en 1997;Dieu;Egypte;égyptien;Non applicable;Non applicable;Non applicable;Non applicable;Dieu de la guerre à Thèbes.;48.1;48 ° 6 ' ;44.6;44 ° 36 '  Nord;15;15;Ganymede;3999;Mont;Mont;Crater, craters;AA;15;44.6;48.1;44.8;44.5;48.3;47.8;Planetographic  +East  0 - 360;;Theban war god.;Africa;Egypt;Approved;1997;1;10.01.2006;
Ganymede;MOR;GAAA3050N3260;Formation nommée;Cratère;AA;MOR;Approuvé par l'UAI en 1979;Dieu;Phénicie;phénicien;Non applicable;Non applicable;Non applicable;Non applicable;Esprit des moissons.;32.6;32 ° 36 ' ;30.5;30 ° 30 '  Nord;41.3;41.3;Ganymede;4030;Mor;Mor;Crater, craters;AA;41.3;30.5;32.6;31;30.1;33.2;32.1;Planetographic  +East  0 - 360;;Phoenician. spirit of the harvest.;Asia;Phoenician;Approved;1979;1;10.01.2006;
Ganymede;MOT;GAAA990N19410;Formation nommée;Cratère;AA;MOT;Approuvé par l'UAI en 1997;Dieu;Phénicie;phénicien;Non applicable;Non applicable;Non applicable;Non applicable;Esprit des moissons. Un des fils d'El.;194.1;194 ° 6 ' ;9.9;9 ° 54 '  Nord;23.3;23.3;Ganymede;4051;Mot;Mot;Crater, craters;AA;23.3;9.9;194.1;10.2;9.7;194.3;193.8;Planetographic  +East  0 - 360;;Spirit of the harvest, one of the sons of El.;Asia;Phoenician;Approved;1997;1;10.01.2006;
Ganymede;MUSH;GAAA1510S24520;Formation nommée;Cratère;AA;MUSH;Approuvé par l'UAI en 1985;Dieu;Sumer;sumérien;Non applicable;Non applicable;Non applicable;Non applicable;Divinité mâle moitié humaine, moitié serpent.;245.2;245 ° 12 ' ;-15.1;15 ° 6 '  Sud;99.3;99.3;Ganymede;4078;Mush;Mush;Crater, craters;AA;99.3;-15.1;245.2;-14.2;-16.1;246.4;244.1;Planetographic  +East  0 - 360;;Sumerian male deity. upper parts are human, lower parts a serpent.;Asia;Sumerian;Approved;1985;27;10.01.2006;
Ganymede;MYSIA SULCI;GASU700S35210;Formation nommée;Sillons & crêtes parallèles;SU;MYSIA SULCI;Approuvé par l'UAI en 1979;Non applicable;Grèce;grec;Non applicable;Non applicable;Non applicable;Non applicable;Endroit où Ganymède fût enlevé par Jupiter qui s'était changé en aigle.;352.1;352 ° 6 ' ;-7;7 ° 0 '  Sud;5066;???;Ganymede;4089;Mysia Sulci;Mysia Sulci;Sulcus, sulci;SU;5066;-7;352.1;18.2;-29;304.6;47;Planetographic  +East  0 - 360;;Greek. where Ganymede was abducted by an eagle.;Europe;Greek;Approved;1979;1;10.01.2006;
Ganymede;NABU;GAAA4540S35880;Formation nommée;Cratère;AA;NABU;Approuvé par l'UAI en 1979;Dieu;Sumer;sumérien;Non applicable;Non applicable;Non applicable;Non applicable;Dieu de l'activité intellectuelle.;358.8;358 ° 48 ' ;-45.4;45 ° 24 '  Sud;40;40;Ganymede;4100;Nabu;Nabu;Crater, craters;AA;40;-45.4;358.8;-44.9;-45.8;359.4;358.1;Planetographic  +East  0 - 360;;Sumerian god of intellectual activity.;Asia;Sumerian;Approved;1979;1;10.01.2006;
Ganymede;NAH-HUNTE;GAAA1780S27480;Formation nommée;Cratère;AA;NAH HUNTE;Approuvé par l'UAI en 2000;Dieu;Assyrie & Babylone;Assyro-Babylonien;Non applicable;Non applicable;Non applicable;Non applicable;Dieu de la lumière et de la justice.;274.8;274 ° 48 ' ;-17.8;17 ° 48 '  Sud;49.4;49.4;Ganymede;4109;Nah-Hunte;Nah Hunte;Crater, craters;AA;49.4;-17.8;274.8;-17.3;-18.3;275.3;274.3;Planetographic  +East  0 - 360;;Elamite god of light and justice.;Asia;Assyro-Babylonian;Approved;2000;1;10.01.2006;
Ganymede;NAMTAR;GAAA5830S1920;Formation nommée;Cratère;AA;NAMTAR;Approuvé par l'UAI en 1979;Dieu;Assyrie & Babylone;Assyro-Babylonien;Non applicable;Non applicable;Non applicable;Non applicable;Démon de la peste.;19.2;19 ° 12 ' ;-58.3;58 ° 18 '  Sud;49.2;49.2;Ganymede;4132;Namtar;Namtar;Crater, craters;AA;49.2;-58.3;19.2;-57.8;-58.8;20.2;18.2;Planetographic  +East  0 - 360;;Assyro-Babylonian plague demon.;Asia;Assyro-Babylonian;Approved;1979;1;10.01.2006;
Ganymede;NANNA;GAAA1760S11810;Formation nommée;Cratère;AA;NANNA;Approuvé par l'UAI en 1985;Démon;Sumer;sumérien;Non applicable;Non applicable;Non applicable;Non applicable;Dieu de la Lune et de la sagesse.;118.1;118 ° 6 ' ;-17.6;17 ° 36 '  Sud;56;56;Ganymede;4141;Nanna;Nanna;Crater, craters;AA;56;-17.6;118.1;-17.1;-18.2;118.7;117.4;Planetographic  +East  0 - 360;;Sumerian moon god. god of wisdom.;Asia;Sumerian;Approved;1985;27;10.01.2006;
Ganymede;NANSHE CATENA;GACA1540N710;Formation nommée;Chaîne de cratères;CA;NANSHE CATENA;Approuvé par l'UAI en 1997;Déesse;Assyrie & Babylone;Assyro-Babylonien;Non applicable;Non applicable;Non applicable;Non applicable;Déesse des sources et des canaux, fille d'Enki.;7.1;7 ° 6 ' ;15.4;15 ° 24 '  Nord;103.8;???;Ganymede;4145;Nanshe Catena;Nanshe Catena;Catena, catenae;CA;103.8;15.4;7.1;16.5;14.3;7.7;6.4;Planetographic  +East  0 - 360;;Goddess of springs and canals, daughter of Enki.;Asia;Assyro-Babylonian;Approved;1997;1;10.01.2006;
Ganymede;NEFERTUM;GAAA4430N3890;Formation nommée;Cratère;AA;NEFERTUM;Approuvé par l'UAI en 1997;Dieu;Egypte;égyptien;Non applicable;Non applicable;Non applicable;Non applicable;Fils divin de la triade de Memphis, également fils de Ptah.;38.9;38 ° 54 ' ;44.3;44 ° 18 '  Nord;28.7;28.7;Ganymede;4191;Nefertum;Nefertum;Crater, craters;AA;28.7;44.3;38.9;44.7;44;39.4;38.5;Planetographic  +East  0 - 360;;Original divine son of the Memphis triad, son of Ptah.;Africa;Egypt;Approved;1997;1;10.01.2006;
Ganymede;NEHEH;GAAA7210N29750;Formation nommée;Cratère;AA;NEHEH;Approuvé par l'UAI en 1985;Dieu;Egypte;égyptien;Non applicable;Non applicable;Non applicable;Non applicable;Dieu de l'éternité.;297.5;297 ° 30 ' ;72.1;72 ° 6 '  Nord;54;54;Ganymede;4194;Neheh;Neheh;Crater, craters;AA;54;72.1;297.5;72.7;71.5;299.5;295.3;Planetographic  +East  0 - 360;;Egyptian god of eternity.;Africa;Egypt;Approved;1985;27;10.01.2006;
Ganymede;NEITH;GAAA2940N35300;Formation nommée;Cratère;AA;NEITH;Approuvé par l'UAI en 1988;Déesse;Egypte;égyptien;Non applicable;Non applicable;Non applicable;Non applicable;Déesse guerrière également déesse des arts locaux.;353;353 ° 0 ' ;29.4;29 ° 24 '  Nord;87.6;87.6;Ganymede;4197;Neith;Neith;Crater, craters;AA;87.6;29.4;353;30.3;28.5;353.9;351.8;Planetographic  +East  0 - 360;;Egyptian warrior goddess. goddess of domestic arts.;Africa;Egypt;Approved;1988;1;10.01.2006;
Ganymede;NERGAL;GAAA3860N15970;Formation nommée;Cratère;AA;NERGAL;Approuvé par l'UAI en 1997;Dieu;Assyrie & Babylone;Assyro-Babylonien;Non applicable;Non applicable;Non applicable;Non applicable;Roi du monde souterrain.;159.7;159 ° 42 ' ;38.6;38 ° 36 '  Nord;9.6;9.6;Ganymede;4215;Nergal;Nergal;Crater, craters;AA;9.6;38.6;159.7;38.7;38.5;159.8;159.5;Planetographic  +East  0 - 360;;Assyro-babylonian king of the underworld.;Asia;Assyro-Babylonian;Approved;1997;1;10.01.2006;
Ganymede;NICHOLSON REGIO;GARE3350S35520;Formation nommée;Large région géographique;RE;Seth Barnes NICHOLSON;Approuvé par l'UAI en 1979;Astronome;USA;américain;20;20ème siècle;1891;1963;???;355.2;355 ° 12 ' ;-33.5;33 ° 30 '  South;3900;???;Ganymede;4250;Nicholson Regio;Nicholson Regio;Regio, regiones;RE;3900;-33.5;355.2;-7.4;-50;302.6;43.1;Planetographic  +East  0 - 360;;Seth Barnes. American astronomer (1891-1963).;North America;American;Approved;1979;68;10.01.2006;
Ganymede;NIDABA;GAAA1770N23680;Formation nommée;Cratère;AA;NIDABA;Approuvé par l'UAI en 1985;Déesse;Sumer;sumérien;Non applicable;Non applicable;Non applicable;Non applicable;Déesse du grain.;236.8;236 ° 48 ' ;17.7;17 ° 42 '  Nord;199.4;199.4;Ganymede;4254;Nidaba;Nidaba;Crater, craters;AA;199.4;17.7;236.8;19.9;15.4;239;234.4;Planetographic  +East  0 - 360;;Sumerian grain goddess.;Asia;Sumerian;Approved;1985;27;10.01.2006;
Ganymede;NIGIRSU;GAAA5820S3950;Formation nommée;Cratère;AA;NIGIRSU;Approuvé par l'UAI en 1979;Dieu;Assyrie & Babylone;Assyro-Babylonien;Non applicable;Non applicable;Non applicable;Non applicable;Dieu des champs et de la guerre.;39.5;39 ° 30 ' ;-58.2;58 ° 12 '  Sud;53.3;53.3;Ganymede;4263;Nigirsu;Nigirsu;Crater, craters;AA;53.3;-58.2;39.5;-57.7;-58.8;40.5;38.4;Planetographic  +East  0 - 360;;Assyro-Babylonian. god of the fields, war god.;Asia;Assyro-Babylonian;Approved;1979;1;10.01.2006;
Ganymede;NINEVEH SULCUS;GASU2350N30690;Formation nommée;Sillons & crêtes parallèles;SU;NINEVEH SULCUS;Approuvé par l'UAI en 1997;Non applicable;Assyrie & Babylone;Assyro-Babylonien;Non applicable;Non applicable;Non applicable;Non applicable;Ville dans laquelle était adorée Ishtar.;306.9;306 ° 54 ' ;23.5;23 ° 30 '  Nord;1700;???;Ganymede;4288;Nineveh Sulcus;Nineveh Sulcus;Sulcus, sulci;SU;1700;23.5;306.9;29.3;14.5;326.4;289.2;Planetographic  +East  0 - 360;;City where Ishtar was worshipped.;Asia;Assyro-Babylonian;Approved;1997;1;10.01.2006;
Ganymede;NINGISHZIDA;GAAA1410N17020;Formation nommée;Cratère;AA;NINGISHZIDA;Approuvé par l'UAI en 1997;Dieu;Sumer;sumérien;Non applicable;Non applicable;Non applicable;Non applicable;Dieu de la végétation.;170.2;170 ° 12 ' ;14.1;14 ° 6 '  Nord;32;32;Ganymede;4290;Ningishzida;Ningishzida;Crater, craters;AA;32;14.1;170.2;14.5;13.8;170.5;169.8;Planetographic  +East  0 - 360;;Sumerian vegetation god.;Asia;Sumerian;Approved;1997;83;10.01.2006;
Ganymede;NINKASI;GAAA5920N31130;Formation nommée;Cratère;AA;NINKASI;Approuvé par l'UAI en 1988;Déesse;Sumer;sumérien;Non applicable;Non applicable;Non applicable;Non applicable;Déesse de la bière.;311.3;311 ° 18 ' ;59.2;59 ° 12 '  Nord;81;81;Ganymede;4295;Ninkasi;Ninkasi;Crater, craters;AA;81;59.2;311.3;60.1;58.4;312.9;309.4;Planetographic  +East  0 - 360;;Sumerian goddess of brewing.;Asia;Sumerian;Approved;1988;83;10.01.2006;
Ganymede;NINKI;GAAA820S23950;Formation nommée;Cratère;AA;NINKI;Approuvé par l'UAI en 1985;Dieu;Assyrie & Babylone;Assyro-Babylonien;Non applicable;Non applicable;Non applicable;Non applicable;Epoux de Ea et dieu de l'eau.;239.5;239 ° 30 ' ;-8.2;8 ° 12 '  Sud;194.2;194.2;Ganymede;4296;Ninki;Ninki;Crater, craters;AA;194.2;-8.2;239.5;-6.2;-10.4;241.3;237.3;Planetographic  +East  0 - 360;;Consort to Ea, Babylonian god of water.;Asia;Assyro-Babylonian;Approved;1985;1;10.01.2006;
Ganymede;NINLIL;GAAA620N24170;Formation nommée;Cratère;AA;NINLIL;Approuvé par l'UAI en 1985;Déesse;Assyrie & Babylone;Assyro-Babylonien;Non applicable;Non applicable;Non applicable;Non applicable;Déesse-mère épouse d'Asshur.;241.7;241 ° 42 ' ;6.2;6 ° 12 '  Nord;90.8;90.8;Ganymede;4297;Ninlil;Ninlil;Crater, craters;AA;90.8;6.2;241.7;7.3;5.3;242.7;240.7;Planetographic  +East  0 - 360;;Chief Assyrian goddess. Asshur's consort.;Asia;Assyro-Babylonian;Approved;1985;1;10.01.2006;
Ganymede;NINSUM;GAAA1450S21940;Formation nommée;Cratère;AA;NINSUM;Approuvé par l'UAI en 1985;Déesse;Assyrie & Babylone;Assyro-Babylonien;Non applicable;Non applicable;Non applicable;Non applicable;Déesse de la sagesse, mère de Gilgamesh.;219.4;219 ° 24 ' ;-14.5;14 ° 30 '  Sud;88.2;88.2;Ganymede;4299;Ninsum;Ninsum;Crater, craters;AA;88.2;-14.5;219.4;-13.5;-15.3;220.4;218.5;Planetographic  +East  0 - 360;;Minor Babylonian goddess of wisdom. Gilgamesh's mother.;Asia;Assyro-Babylonian;Approved;1985;1;10.01.2006;
Ganymede;NIPPUR SULCUS;GASU3690N17500;Formation nommée;Sillons & crêtes parallèles;SU;NIPPUR SULCUS;Approuvé par l'UAI en 1985;Non applicable;Sumer;sumérien;Non applicable;Non applicable;Non applicable;Non applicable;;175;175 ° 0 ' ;36.9;36 ° 54 '  Nord;1425;???;Ganymede;4306;Nippur Sulcus;Nippur Sulcus;Sulcus, sulci;SU;1425;36.9;175;45.8;23.4;186.8;162;Planetographic  +East  0 - 360;;Sumerian city.;Asia;Sumerian;Approved;1985;27;10.01.2006;
Ganymede;NUN SULCI;GASU4950N4360;Formation nommée;Sillons & crêtes parallèles;SU;NUN SULCI;Approuvé par l'UAI en 1979;Dieu;Egypte;égyptien;Non applicable;Non applicable;Non applicable;Non applicable;Chaos & océan primordial qui contenait le germe de toutes choses.;43.6;43 ° 36 ' ;49.5;49 ° 30 '  Nord;1500;???;Ganymede;4356;Nun Sulci;Nun Sulci;Sulcus, sulci;SU;1500;49.5;43.6;62.7;30.5;57.5;20;Planetographic  +East  0 - 360;;Egyptian. chaos. primordial ocean. held germ of all things.;Africa;Egypt;Approved;1979;1;10.01.2006;
Ganymede;NUT;GAAA5430S9070;Formation nommée;Cratère;AA;NUT;Approuvé par l'UAI en 1979;Déesse;Egypte;égyptien;Non applicable;Non applicable;Non applicable;Non applicable;Déesse du ciel.;90.7;90 ° 42 ' ;-54.3;54 ° 18 '  Sud;93;93;Ganymede;4364;Nut;Nut;Crater, craters;AA;93;-54.3;90.7;-53.3;-55.2;92.5;89.1;Planetographic  +East  0 - 360;;Egyptian goddess of the sky.;Africa;Egypt;Approved;1979;1;10.01.2006;
Ganymede;OMBOS FACULA;GAFA480N12400;Formation nommée;Tache brillante;FA;OMBOS FACULA;Approuvé par l'UAI en 1985;Non applicable;Egypte;égyptien;Non applicable;Non applicable;Non applicable;Non applicable;Ville où la triade de Sebek était adorée.;124;124 ° 0 ' ;4.8;4 ° 48 '  Nord;170;???;Ganymede;4457;Ombos Facula;Ombos Facula;Facula, faculae;FA;170;4.8;124;6.6;2.9;125.7;122;Planetographic  +East  0 - 360;;Egyptian town where Sebek's triad worshipped. present Kom Ombo.;Africa;Egypt;Approved;1985;27;10.01.2006;
Ganymede;OSIRIS;GAAA3810S19360;Formation nommée;Cratère;AA;OSIRIS;Approuvé par l'UAI en 1979;Dieu;Egypte;égyptien;Non applicable;Non applicable;Non applicable;Non applicable;Dieu de la mort.;193.6;193 ° 36 ' ;-38.1;38 ° 6 '  Sud;107.7;107.7;Ganymede;4509;Osiris;Osiris;Crater, craters;AA;107.7;-38.1;193.6;-36.9;-39.2;195.1;192.2;Planetographic  +East  0 - 360;;Egyptian god of the dead.;Africa;Egypt;Approved;1979;1;10.01.2006;
Ganymede;PERRINE REGIO;GARE3320N32750;Formation nommée;Large région géographique;RE;Charles D. PERRINE;Approuvé par l'UAI en 1979;Astronome;USA;américain;20;20ème siècle;1867;1951;Découvreur d'Himalia & Elara, satellites de Jupiter. Promoteur de l'astrophysique en Argentine.;327.5;327 ° 30 ' ;33.2;33 ° 12 '  North;3800;???;Ganymede;4662;Perrine Regio;Perrine Regio;Regio, regiones;RE;3800;33.2;327.5;51;11;285.3;14.6;Planetographic  +East  0 - 360;;Charles D.. American astronomer (1867-1951).;North America;American;Approved;1979;68;10.01.2006;
Ganymede;PHILAE SULCUS;GASU6550N19100;Formation nommée;Sillons & crêtes parallèles;SU;PHILAE SULCUS;Approuvé par l'UAI en 1997;Non applicable;Assyrie & Babylone;Assyro-Babylonien;Non applicable;Non applicable;Non applicable;Non applicable;Temple sanctuaire d'Isis.;191;191 ° 0 ' ;65.5;65 ° 30 '  Nord;900;???;Ganymede;4688;Philae Sulcus;Philae Sulcus;Sulcus, sulci;SU;900;65.5;191;74.6;55.6;201;187;Planetographic  +East  0 - 360;;Temple that was the chief sanctuary of Isis.;Asia;Assyro-Babylonian;Approved;1997;1;10.01.2006;
Ganymede;PHILUS SULCUS;GASU4410N15050;Formation nommée;Sillons & crêtes parallèles;SU;PHILUS SULCUS;Approuvé par l'UAI en 1979;Non applicable;Grèce;grec;Non applicable;Non applicable;Non applicable;Non applicable;Place où Ganymède & Hébé étaient adorés comme faiseurs de pluie.;150.5;150 ° 30 ' ;44.1;44 ° 6 '  Nord;465;???;Ganymede;4694;Philus Sulcus;Philus Sulcus;Sulcus, sulci;SU;465;44.1;150.5;49;38.7;157.8;144.8;Planetographic  +East  0 - 360;;Greek. where Ganymede and Hebe were worshipped as rain-givers.;Europe;Greek;Approved;1979;1;10.01.2006;
Ganymede;PHRYGIA SULCUS;GASU1240N33650;Formation nommée;Sillons & crêtes parallèles;SU;PHRYGIA SULCUS;Approuvé par l'UAI en 1979;Non applicable;Grèce;grec;Non applicable;Non applicable;Non applicable;Non applicable;Royaume d'Asie Mineure où est né Ganymède.;336.5;336 ° 30 ' ;12.4;12 ° 24 '  Nord;3700;???;Ganymede;4712;Phrygia Sulcus;Phrygia Sulcus;Sulcus, sulci;SU;3700;12.4;336.5;24;-7.5;299;17;Planetographic  +East  0 - 360;;Greek. kingdom in Asia Minor where Ganymede was born.;Europe;Greek;Approved;1979;1;10.01.2006;
Ganymede;PTAH;GAAA6590S14300;Formation nommée;Cratère;AA;PTAH;Approuvé par l'UAI en 1988;Dieu;Egypte;égyptien;Non applicable;Non applicable;Non applicable;Non applicable;Dieu souverain de memphis, patron des artisants.;143;143 ° 0 ' ;-65.9;65 ° 54 '  Sud;30.2;30.2;Ganymede;4858;Ptah;Ptah;Crater, craters;AA;30.2;-65.9;143;-65.6;-66.2;143.7;142.2;Planetographic  +East  0 - 360;;Sovereign god of Memphis. patron of artisans.;Africa;Egypt;Approved;1988;1;10.01.2006;
Ganymede;PUNT;GAAA2490S12010;Formation nommée;Cratère;AA;PUNT;Approuvé par l'UAI en 1997;Non applicable;Egypte;égyptien;Non applicable;Non applicable;Non applicable;Non applicable;Terre orientale d'Egypte d'où est originaire Bes (Changé en Punt Facula).;120.1;120 ° 6 ' ;-24.9;24 ° 54 '  Sud;135;135;Ganymede;4869;Punt;Punt;Crater, craters;AA;135;-24.9;120.1;-23.5;-26.3;121.8;118.4;Planetographic  +East  0 - 360;;Land east of Egypt where Bes originated. Changed from Punt Facula.;Africa;Egypt;Approved;1997;1;10.01.2006;
Ganymede;RUTI;GAAA1320N5140;Formation nommée;Cratère;AA;RUTI;Approuvé par l'UAI en 1979;Dieu;Phénicie;phénicien;Non applicable;Non applicable;Non applicable;Non applicable;Dieu de Byblos.;51.4;51 ° 24 ' ;13.2;13 ° 12 '  Nord;16;16;Ganymede;5242;Ruti;Ruti;Crater, craters;AA;16;13.2;51.4;13.4;13;51.5;51.2;Planetographic  +East  0 - 360;;Phoenician. Byblos god.;Asia;Phoenician;Approved;1979;1;10.01.2006;
Ganymede;SALTU;GAAA1420S730;Formation nommée;Cratère;AA;SALTU;Approuvé par l'UAI en 2006;Déesse;Babylone;babylonien;Non applicable;Non applicable;Non applicable;Non applicable;Déesse de la discorde et de l'Hostilité.;7.3;7 ° 18 ' ;-14.2;14 ° 12 '  Sud;40;40;Ganymede;5286;Saltu;Saltu;Crater, craters;AA;40;-14.2;7.3;-13.7;-14.6;7.6;7;Planetographic  +East  0 - 360;;Babylonian goddess of discord and hostility.;Asia;Babylon;Approved;2006;83;10.01.2006;
Ganymede;SAPAS;GAAA5740N32610;Formation nommée;Cratère;AA;SAPAS;Approuvé par l'UAI en 1979;Dieu;Assyrie & Babylone;Assyro-Babylonien;Non applicable;Non applicable;Non applicable;Non applicable;Torche des dieux.;326.1;326 ° 6 ' ;57.4;57 ° 24 '  Nord;56;56;Ganymede;5317;Sapas;Sapas;Crater, craters;AA;56;57.4;326.1;58;56.8;327.2;324.9;Planetographic  +East  0 - 360;;Assyro-Babylonian. torch of the gods.;Asia;Assyro-Babylonian;Approved;1979;1;10.01.2006;
Ganymede;SATI;GAAA3090N34720;Formation nommée;Cratère;AA;SATI;Approuvé par l'UAI en 1988;Dieu;Egypte;égyptien;Non applicable;Non applicable;Non applicable;Non applicable;Femme de Khnum, dieu des cataractes;347.2;347 ° 12 ' ;30.9;30 ° 54 '  Nord;94.7;94.7;Ganymede;5336;Sati;Sati;Crater, craters;AA;94.7;30.9;347.2;31.9;29.9;348.3;346;Planetographic  +East  0 - 360;;Wife of Khnum, Egyptian god of the Cataracts.;Africa;Egypt;Approved;1988;1;10.01.2006;
Ganymede;SEBEK;GAAA6120N310;Formation nommée;Cratère;AA;SEBEK;Approuvé par l'UAI en 1979;Dieu;Egypte;égyptien;Non applicable;Non applicable;Non applicable;Non applicable;Dieu crocodile.;3.1;3 ° 6 ' ;61.2;61 ° 12 '  Nord;65;65;Ganymede;5400;Sebek;Sebek;Crater, craters;AA;65;61.2;3.1;61.8;60.5;4.6;1.6;Planetographic  +East  0 - 360;;Egyptian crocodile god.;Africa;Egypt;Approved;1979;1;10.01.2006;
Ganymede;SEIMA;GAAA1710N14410;Formation nommée;Cratère;AA;SEIMA;Approuvé par l'UAI en 1985;Déesse;Aramée;sémite;Non applicable;Non applicable;Non applicable;Non applicable;Déesse-mère des Araméens.;144.1;144 ° 6 ' ;17.1;17 ° 6 '  Nord;38;38;Ganymede;5412;Seima;Seima;Crater, craters;AA;38;17.1;144.1;17.5;16.7;144.4;143.6;Planetographic  +East  0 - 360;;Mother goddess of the Arameans.;Africa;Semitic;Approved;1985;27;10.01.2006;
Ganymede;SEKER;GAAA3920S1450;Formation nommée;Cratère;AA;SEKER;Approuvé par l'UAI en 1988;Dieu;Egypte;égyptien;Non applicable;Non applicable;Non applicable;Non applicable;Dieu de la mort à Memphis.;14.5;14 ° 30 ' ;-39.2;39 ° 12 '  Sud;103.4;103.4;Ganymede;5414;Seker;Seker;Crater, craters;AA;103.4;-39.2;14.5;-38.1;-40.3;16;13.1;Planetographic  +East  0 - 360;;Egyptian god of the dead at Memphis.;Africa;Egypt;Approved;1988;1;10.01.2006;
Ganymede;SELKET;GAAA1500N25420;Formation nommée;Cratère;AA;SELKET;Approuvé par l'UAI en 1985;Déesse;Egypte;égyptien;Non applicable;Non applicable;Non applicable;Non applicable;Déesse tutélaire gardienne des entrailles des morts.;254.2;254 ° 12 ' ;15;15 ° 0 '  Nord;172.3;172.3;Ganymede;5419;Selket;Selket;Crater, craters;AA;172.3;15;254.2;17;13.2;255.9;252.3;Planetographic  +East  0 - 360;;Tutelary goddess who guarded intestines of the dead.;Africa;Egypt;Approved;1985;1;10.01.2006;
Ganymede;SERAPIS;GAAA1250S31590;Formation nommée;Cratère;AA;SERAPIS;Approuvé par l'UAI en 1997;Dieu;Egypte;égyptien;Non applicable;Non applicable;Non applicable;Non applicable;Dieu guérisseur.;315.9;315 ° 54 ' ;-12.5;12 ° 30 '  Sud;169.3;169.3;Ganymede;5436;Serapis;Serapis;Crater, craters;AA;169.3;-12.5;315.9;-10.5;-14.3;317.6;314.2;Planetographic  +East  0 - 360;;Egyptian healing god.;Africa;Egypt;Approved;1997;146;10.01.2006;
Ganymede;SHU;GAAA4320N320;Formation nommée;Cratère;AA;SHU;Approuvé par l'UAI en 1988;Dieu;Egypte;égyptien;Non applicable;Non applicable;Non applicable;Non applicable;Dieu de l'air.;3.2;3 ° 12 ' ;43.2;43 ° 12 '  Nord;44.1;44.1;Ganymede;5503;Shu;Shu;Crater, craters;AA;44.1;43.2;3.2;43.7;42.7;3.8;2.5;Planetographic  +East  0 - 360;;Egyptian god of air.;Africa;Egypt;Approved;1988;1;10.01.2006;
Ganymede;SHURUPPAK SULCUS;GASU1930S12780;Formation nommée;Sillons & crêtes parallèles;SU;SHURUPPAK SULCUS;Approuvé par l'UAI en 2000;Non applicable;Assyrie & Babylone;Assyro-Babylonien;Non applicable;Non applicable;Non applicable;Non applicable;Ville des rives de l'Euphrate où les dieux plannifièrent la grande inondation.;127.8;127 ° 48 ' ;-19.3;19 ° 18 '  Sud;2800;???;Ganymede;5508;Shuruppak Sulcus;Shuruppak Sulcus;Sulcus, sulci;SU;2800;-19.3;127.8;-4.2;-41.6;152.1;96.2;Planetographic  +East  0 - 360;;Assyro-Babylonian town on the banks of the Euphrates River where the gods planned the great flood.;Asia;Assyro-Babylonian;Approved;2000;1;10.01.2006;
Ganymede;SICYON SULCUS;GASU3270N34150;Formation nommée;Sillons & crêtes parallèles;SU;SICYON SULCUS;Approuvé par l'UAI en 1979;Non applicable;Grèce;grec;Non applicable;Non applicable;Non applicable;Non applicable;Place où Ganymède & Hébé étaient adorés comme faiseurs de pluie.;341.5;341 ° 30 ' ;32.7;32 ° 42 '  Nord;2125;???;Ganymede;5516;Sicyon Sulcus;Sicyon Sulcus;Sulcus, sulci;SU;2125;32.7;341.5;41.1;16.3;320;8.8;Planetographic  +East  0 - 360;;Greek. where Ganymede and Hebe were worshipped as rain-givers.;Europe;Greek;Approved;1979;1;10.01.2006;
Ganymede;SIN;GAAA5290N250;Formation nommée;Cratère;AA;SIN;Approuvé par l'UAI en 1979;Dieu;Babylone;babylonien;Non applicable;Non applicable;Non applicable;Non applicable;Dieu de la lune.;2.5;2 ° 30 ' ;52.9;52 ° 54 '  Nord;19;19;Ganymede;5545;Sin;Sin;Crater, craters;AA;19;52.9;2.5;53.1;52.7;2.8;2.1;Planetographic  +East  0 - 360;;Babylonian moon god.;Asia;Babylon;Approved;1979;1;10.01.2006;
Ganymede;SIPPAR SULCUS;GASU1540S17070;Formation nommée;Sillons & crêtes parallèles;SU;SIPPAR SULCUS;Approuvé par l'UAI en 1985;Non applicable;Assyrie & Babylone;Assyro-Babylonien;Non applicable;Non applicable;Non applicable;Non applicable;;170.7;170 ° 42 ' ;-15.4;15 ° 24 '  Sud;1508;???;Ganymede;5573;Sippar Sulcus;Sippar Sulcus;Sulcus, sulci;SU;1508;-15.4;170.7;-6.9;-19.4;187.6;155.7;Planetographic  +East  0 - 360;;Ancient Babylonian town.;Asia;Assyro-Babylonian;Approved;1985;1;10.01.2006;
Ganymede;SIWAH FACULA;GAFA700N21690;Formation nommée;Tache brillante;FA;SIWAH FACULA;Approuvé par l'UAI en 1985;Dieu;Egypte;égyptien;Non applicable;Non applicable;Non applicable;Non applicable;Oasis de l'oracle d'Ammon, visité par Alexandre le Grand.;216.9;216 ° 54 ' ;7;7 ° 0 '  Nord;220;???;Ganymede;5589;Siwah Facula;Siwah Facula;Facula, faculae;FA;220;7;216.9;8.8;5.1;219.2;214.9;Planetographic  +East  0 - 360;;Oasis oracle of Zeus-Ammon. visited by Alexander.;Africa;Egypt;Approved;1985;1;10.01.2006;
Ganymede;TAMMUZ;GAAA1340N12940;Formation nommée;Cratère;AA;TAMMUZ;Approuvé par l'UAI en 1985;Dieu;Akkad;akkadien;Non applicable;Non applicable;Non applicable;Non applicable;Dieu de la jeunesse et de la végétation, fils d'Ishtar.;129.4;129 ° 24 ' ;13.4;13 ° 24 '  Nord;51;51;Ganymede;5847;Tammuz;Tammuz;Crater, craters;AA;51;13.4;129.4;14;12.9;129.9;128.7;Planetographic  +East  0 - 360;;Akkadian youthful god of vegetation. Ishtar's son.;Asia;Akkadian (Accadian);Approved;1985;27;10.01.2006;
Ganymede;TANIT;GAAA5750N32340;Formation nommée;Cratère;AA;TANIT;Approuvé par l'UAI en 1979;Déesse;Assyrie & Babylone;Assyro-Babylonien;Non applicable;Non applicable;Non applicable;Non applicable;Déesse carthaginoise.;323.4;323 ° 24 ' ;57.5;57 ° 30 '  Nord;26;26;Ganymede;5855;Tanit;Tanit;Crater, craters;AA;26;57.5;323.4;57.8;57.2;323.9;322.8;Planetographic  +East  0 - 360;;Assyro-Babylonian. Carthaginian goddess.;Asia;Assyro-Babylonian;Approved;1979;1;10.01.2006;
Ganymede;TASHMETUM;GAAA3970S9550;Formation nommée;Cratère;AA;TASHMETUM;Approuvé par l'UAI en 2000;Déesse;Assyrie & Babylone;Assyro-Babylonien;Non applicable;Non applicable;Non applicable;Non applicable;Déesse inventeur de l'écriture avec son mari Nabu.;95.5;95 ° 30 ' ;-39.7;39 ° 42 '  Sud;135;135;Ganymede;5879;Tashmetum;Tashmetum;Crater, craters;AA;135;-39.7;95.5;-38.1;-40.9;97.4;93.6;Planetographic  +East  0 - 360;;Assyro-Babylonian goddess who invented writing with her husband Nabu.;Asia;Assyro-Babylonian;Approved;2000;1;10.01.2006;
Ganymede;TA-URT;GAAA2760N5590;Formation nommée;Cratère;AA;TA URT;Approuvé par l'UAI en 1988;Déesse;Egypte;égyptien;Non applicable;Non applicable;Non applicable;Non applicable;Déesse de l'enfance.;55.9;55 ° 54 ' ;27.6;27 ° 36 '  Nord;94.4;94.4;Ganymede;5809;Ta-urt;Ta urt;Crater, craters;AA;94.4;27.6;55.9;28.7;26.7;56.9;54.8;Planetographic  +East  0 - 360;;Egyptian childbirth goddess.;Africa;Egypt;Approved;1988;83;10.01.2006;
Ganymede;TERAH CATENA;GACA710N8250;Formation nommée;Chaîne de cratères;CA;TERAH CATENA;Approuvé par l'UAI en 2000;Dieu;Phénicie;phénicien;Non applicable;Non applicable;Non applicable;Non applicable;Dieu de la Lune qui affronta Keret dans le Negeb.;82.5;82 ° 30 ' ;7.1;7 ° 6 '  Nord;283;???;Ganymede;5923;Terah Catena;Terah Catena;Catena, catenae;CA;283;7.1;82.5;8.8;5.7;85.2;79.8;Planetographic  +East  0 - 360;;Phoenician moon god who battled with Keret in Negeb.;Asia;Phoenician;Approved;2000;1;10.01.2006;
Ganymede;TESHUB;GAAA6850S8040;Formation nommée;Cratère;AA;TESHUB;Approuvé par l'UAI en 1994;Dieu;Elam;élamite;Non applicable;Non applicable;Non applicable;Non applicable;Dieu de la tempête.;80.4;80 ° 24 ' ;-68.5;68 ° 30 '  Sud;188;188;Ganymede;5935;Teshub;Teshub;Crater, craters;AA;188;-68.5;80.4;-66.5;-70.6;85;75.6;Planetographic  +East  0 - 360;;Elamite god of the tempest.;Asia;Elamite;Approved;1994;1;10.01.2006;
Ganymede;TETTU FACULA;GAFA3760N19880;Formation nommée;Tache brillante;FA;TETTU FACULA;Approuvé par l'UAI en 1985;Non applicable;Egypte;égyptien;Non applicable;Non applicable;Non applicable;Non applicable;Ville où hatmenit & Osiris étaient adorés.;198.8;198 ° 48 ' ;37.6;37 ° 36 '  Nord;189;???;Ganymede;5939;Tettu Facula;Tettu Facula;Facula, faculae;FA;189;37.6;198.8;39.5;35.5;201.3;196.6;Planetographic  +East  0 - 360;;Egyptian town where Hatmenit and Osiris were worshipped.;Africa;Egypt;Approved;1985;27;10.01.2006;
Ganymede;THEBES FACULA;GAFA710N15760;Formation nommée;Tache brillante;FA;THEBES FACULA;Approuvé par l'UAI en 1985;Non applicable;Egypte;égyptien;Non applicable;Non applicable;Non applicable;Non applicable;Ancienne capitale du Royaume du Nord.;157.6;157 ° 36 ' ;7.1;7 ° 6 '  Nord;360;???;Ganymede;5956;Thebes Facula;Thebes Facula;Facula, faculae;FA;360;7.1;157.6;10.4;3.8;161.8;154.1;Planetographic  +East  0 - 360;;Ancient capitol of upper kingdom.;Africa;Egypt;Approved;1985;1;10.01.2006;
Ganymede;THOTH;GAAA4330S21280;Formation nommée;Cratère;AA;THOTH;Approuvé par l'UAI en 1985;Dieu;Egypte;égyptien;Non applicable;Non applicable;Non applicable;Non applicable;Dieu de la Lune, inventeur des arts et de la science.;212.8;212 ° 48 ' ;-43.3;43 ° 18 '  Sud;102.5;102.5;Ganymede;5981;Thoth;Thoth;Crater, craters;AA;102.5;-43.3;212.8;-42.1;-44.3;214.2;211.4;Planetographic  +East  0 - 360;;Egyptian moon god. invented all arts and sciences.;Africa;Egypt;Approved;1985;1;10.01.2006;
Ganymede;TIAMAT SULCUS;GASU340N15150;Formation nommée;Sillons & crêtes parallèles;SU;TIAMAT SULCUS;Approuvé par l'UAI en 1979;Non applicable;Assyrie & Babylone;Assyro-Babylonien;Non applicable;Non applicable;Non applicable;Non applicable;Mer tumultueuse ou chaque chose a été générée.;151.5;151 ° 30 ' ;3.4;3 ° 24 '  Nord;1330;???;Ganymede;5991;Tiamat Sulcus;Tiamat Sulcus;Sulcus, sulci;SU;1330;3.4;151.5;15.2;-8.7;159.2;140.3;Planetographic  +East  0 - 360;;Assyro-Babylonian. tumultuous sea from which everything was generated.;Asia;Assyro-Babylonian;Approved;1979;1;10.01.2006;
Ganymede;TROS;GAAA1110N33270;Formation nommée;Cratère;AA;TROS;Approuvé par l'UAI en 1979;Dieu;Grèce;grec;Non applicable;Non applicable;Non applicable;Non applicable;Père de Ganymède.;332.7;332 ° 42 ' ;11.1;11 ° 6 '  Nord;93.9;93.9;Ganymede;6091;Tros;Tros;Crater, craters;AA;93.9;11.1;332.7;12.1;10.2;333.8;331.7;Planetographic  +East  0 - 360;;Greek. father of Ganymede.;Europe;Greek;Approved;1979;19;10.01.2006;
Ganymede;UMMA SULCUS;GASU410N11000;Formation nommée;Sillons & crêtes parallèles;SU;UMMA SULCUS;Approuvé par l'UAI en 2000;Non applicable;Sumer;sumérien;Non applicable;Non applicable;Non applicable;Non applicable;;110;110 ° 0 ' ;4.1;4 ° 6 '  Nord;1270;???;Ganymede;6220;Umma Sulcus;Umma Sulcus;Sulcus, sulci;SU;1270;4.1;110;16;-7.1;119.5;102.8;Planetographic  +East  0 - 360;;Sumerian town.;Asia;Sumerian;Approved;2000;1;10.01.2006;
Ganymede;UPUANT;GAAA4640N4050;Formation nommée;Cratère;AA;UPUANT;Approuvé par l'UAI en 1997;Dieu;Egypte;égyptien;Non applicable;Non applicable;Non applicable;Non applicable;Dieu guerrier à tête de chacal, dieu de la mort.;40.5;40 ° 30 ' ;46.4;46 ° 24 '  Nord;16.5;16.5;Ganymede;6232;Upuant;Upuant;Crater, craters;AA;16.5;46.4;40.5;46.6;46.2;40.7;40.2;Planetographic  +East  0 - 360;;Jackal-headed warrior god, god of the dead.;Africa;Egypt;Approved;1997;1;10.01.2006;
Ganymede;UR SULCUS;GASU4980N18250;Formation nommée;Sillons & crêtes parallèles;SU;UR SULCUS;Approuvé par l'UAI en 1985;Non applicable;Sumer;sumérien;Non applicable;Non applicable;Non applicable;Non applicable;Siège de l'adoration de la Lune.;182.5;182 ° 30 ' ;49.8;49 ° 48 '  Nord;1145;???;Ganymede;6234;Ur Sulcus;Ur Sulcus;Sulcus, sulci;SU;1145;49.8;182.5;60.7;36;190;175.4;Planetographic  +East  0 - 360;;Ancient Sumerian seat of moon worship.;Asia;Sumerian;Approved;1985;27;10.01.2006;
Ganymede;URUK SULCUS;GASU80N19970;Formation nommée;Sillons & crêtes parallèles;SU;URUK SULCUS;Approuvé par l'UAI en 1979;Non applicable;Babylone;babylonien;Non applicable;Non applicable;Non applicable;Non applicable;Cité dirigée par Gilgamesh.;199.7;199 ° 42 ' ;0.8;0 ° 48 '  Nord;2200;???;Ganymede;6246;Uruk Sulcus;Uruk Sulcus;Sulcus, sulci;SU;2200;0.8;199.7;22.5;-14.5;220.2;180.1;Planetographic  +East  0 - 360;;Babylonian city ruled by Gilgamesh.;Asia;Babylon;Approved;1979;1;10.01.2006;
Ganymede;WE-ILA;GAAA1240S6970;Formation nommée;Cratère;AA;WE ILA;Approuvé par l'UAI en 2000;Héros;Akkad;akkadien;Non applicable;Non applicable;Non applicable;Non applicable;Dieu qui engendra le héros Atra-Hasis.;69.7;69 ° 42 ' ;-12.4;12 ° 24 '  Sud;36.3;36.3;Ganymede;6503;We-ila;We ila;Crater, craters;AA;36.3;-12.4;69.7;-12.1;-12.8;70;69.2;Planetographic  +East  0 - 360;;Akkadian god from whom the hero Atra-hasis was created.;Asia;Akkadian (Accadian);Approved;2000;157;10.01.2006;
Ganymede;WEPWAWET;GAAA6990S30020;Formation nommée;Cratère;AA;WEPWAWET;Approuvé par l'UAI en 2000;Dieu;Egypte;égyptien;Non applicable;Non applicable;Non applicable;Non applicable;Divinité à tête de chacal.;300.2;300 ° 12 ' ;-69.9;69 ° 54 '  Sud;87;87;Ganymede;6520;Wepwawet;Wepwawet;Crater, craters;AA;87;-69.9;300.2;-68.9;-70.9;302.9;297.5;Planetographic  +East  0 - 360;;Ancient Egyptian jackal deity.;Africa;Egypt;Approved;2000;157;10.01.2006;
Ganymede;XIBALBA SULCUS;GASU4380N28890;Formation nommée;Sillons & crêtes parallèles;SU;XIBALBA SULCUS;Approuvé par l'UAI en 1997;Non applicable;Maya;maya;Non applicable;Non applicable;Non applicable;Non applicable;Place de la frayeur, destination de ceux qui échappent à une mort violente.;288.9;288 ° 54 ' ;43.8;43 ° 48 '  Nord;2200;???;Ganymede;6611;Xibalba Sulcus;Xibalba Sulcus;Sulcus, sulci;SU;2200;43.8;288.9;60.9;13.3;314.1;265.5;Planetographic  +East  0 - 360;;Mayan "place of fright". destination of those who escaped violent death.;South and Central America;Mayan;Approved;1997;137;10.01.2006;
Ganymede;ZAKAR;GAAA3120N2630;Formation nommée;Cratère;AA;ZAKAR;Approuvé par l'UAI en 1997;Dieu;Assyrie;assyrien;Non applicable;Non applicable;Non applicable;Non applicable;Divinité suprême.;26.3;26 ° 18 ' ;31.2;31 ° 12 '  Nord;170;170;Ganymede;6692;Zakar;Zakar;Crater, craters;AA;170;31.2;26.3;32.9;29.4;28.5;24.2;Planetographic  +East  0 - 360;;Assyrian supreme deity.;Asia;Assyrian;Approved;1997;83;5/15/10;
Ganymede;ZAQAR;GAAA5820N32270;Formation nommée;Cratère;AA;ZAQAR;Approuvé par l'UAI en 1979;Dieu;Assyrie & Babylone;Assyro-Babylonien;Non applicable;Non applicable;Non applicable;Non applicable;Messager du péché qui apporte les rêves aux hommes.;322.7;322 ° 42 ' ;58.2;58 ° 12 '  Nord;33;33;Ganymede;6701;Zaqar;Zaqar;Crater, craters;AA;33;58.2;322.7;58.5;57.8;323.3;321.9;Planetographic  +East  0 - 360;;Assyro-Babylonian. Sin's messenger who brought dreams to men.;Asia;Assyro-Babylonian;Approved;1979;1;10.01.2006;
Ganymede;ZU FOSSAE;GAFO3850N20950;Formation nommée;Dépression longue et étroite;FO;ZU FOSSAE;Approuvé par l'UAI en 1985;Dragon;Assyrie & Babylone;Assyro-Babylonien;Non applicable;Non applicable;Non applicable;Non applicable;Dragon du chaos dompté par Marduk.;209.5;209 ° 30 ' ;38.5;38 ° 30 '  Nord;2900;???;Ganymede;6756;Zu Fossae;Zu Fossae;Fossa, fossae;FO;2900;38.5;209.5;62;0;247;180;Planetographic  +East  0 - 360;;Dragon of chaos slain by Marduk.;Asia;Assyro-Babylonian;Approved;1985;1;10.01.2006;
